#2288=$Vorname$ verfügt auch bei unbekannten Aufgabenstellungen über eine schnelle Auffassungsgabe und ein gutes Aufgabenverständnis. ;SFEM;;01;E2
#2289=&Seine%Ihre& Problemlösefähigkeit ist ausgeprägt und &er%sie& ist in der Lage, Strategien zu entwickeln. ;SFEM;;;
#2290=Sachverhalte kann &er%sie& kritisch hinterfragen. ;SFEM;;;
#2291=&Er%Sie& besitzt die Fähigkeit zur selbstständigen Abstraktion, zu Transfer und zu logischem Denken.;SFEM;;;
#2292=Komplexe Sachverhalte sind langfristig bei &ihm%ihr& im Gedächtnis verankert.;SFEM;;;
#2293=$Vorname$ arbeitet selbstständig in einem zügigen Arbeitstempo und kann Ergebnisse eigenständig kontrollieren.;SFEM;;;
#2294=&Seine%Ihre& Anstrengungsbereitschaft ist stetig und auch bei schwierigen Aufgaben zeigt &er%sie& immer Durchhaltevermögen. ;SFEM;;;
#2295=&Er%Sie& verfügt über eine andauernde Konzentrationsfähigkeit, die auch über längere Zeiträume erhalten bleibt. ;SFEM;;;
#2296=&Seine%Ihre& schriftlichen Arbeiten zeugen stets von Sorgfalt. ;SFEM;;;
#2297=$Vorname$ ist fähig, sich selbst zu organisieren und &er%sie& hat eine realistische Selbsteinschätzung. ;SFEM;;;
#2298=Am Unterricht beteiligt &er%sie& sich umfassend und sehr aktiv mit sachgerechten Beiträgen. ;SFEM;;;
#2299=&Er%Sie& weist sich durch ein hohes Maß an Verlässlichkeit und eine gute Kooperationsfähigkeit aus. ;SFEM;;;
#2300=Klassenbezogene Absprachen hält $Vorname$ stets ein.;SFEM;;;
#2301=&Seine%Ihre& Hausaufgaben und Arbeitsmittel stehen immer zur Verfügung. ;SFEM;;;
#2302=Aufgaben und Pflichten für die Klasse nimmt &er%sie& zuverlässig wahr.;SFEM;;;
#2303=&Er%Sie& kann gut mit Konflikten umgehen, Kritik sachlich äußern und an der eigenen Person annehmen. ;SFEM;;;
#2304=Zudem begegnet &er%sie& anderen Menschen stets mit Respekt, Höflichkeit und Toleranz. ;SFEM;;;
#2305=$Vorname$ kann erfolgreich mit anderen Kindern in der Gruppe zusammenarbeiten und &seine%ihre& Hilfe anbieten;SFEM;;;
#2306=&Seine%Ihre& positive Entwicklung, &seine%ihre& sehr gute Lern- und Leistungsmotivation, &seine%ihre& ausgeprägte Selbstständigkeit sowie &seine%ihre& konstant guten Leistungen lassen den Schluss zu, dass &er%sie& den Anforderungen eines Gymnasiums gewachsen sein wird. ;SFEM;;;
#2307=$Vorname$ verfügt über eine oft recht zügige Auffassungsgabe. ;SFEM;;;
#2308= Bei unbekannten Aufgabenstellungen ist &er%sie& manchmal noch unsicher und holt sich Rat. ;SFEM;;;
#2309=Nach angemessenen Übungsphasen kann &er%sie& Gelerntes behalten und selbstständig anwenden.;SFEM;;;
#2310=$Vorname$ besitzt eine zunehmend ausgeprägte Problemlösefähigkeit. ;SFEM;;;
#2311=&Er%Sie& kann Lösungswege nachvollziehen und Sachverhalte kritisch hinterfragen. ;SFEM;;;
#2312=$Vorname$ kann sowohl praxis- als auch theoriebezogen arbeiten. ;SFEM;;;
#2313=&Er%Sie& zeigt immer eine gute Anstrengungsbereitschaft. ;SFEM;;;
#2314=In den meisten Situationen kann &er%sie& selbstständig arbeiten, Aufgaben zu Ende führen und Ergebnisse eigenständig kontrollieren. ;SFEM;;;
#2315=&Er%Sie& zeigt eine zufriedenstellende Konzentrationsfähigkeit. ;SFEM;;;
#2316=&Seine%Ihre& Grundkenntnisse und Fähigkeiten in den Fächern sind ausbaufähig und haben sich über die gesamte Grundschulzeit weiter entwickelt.;SFEM;;;
#2317=$Vorname$s Beteiligung am Unterricht ist umfassend und regelmäßig und &er%sie& zeigt sich aufmerksam und interessiert.;SFEM;;;
#2318=$Vorname$ ist&ein%eine& sehr &verlässlicher%verlässliche& und &kooperationsfähiger%kooperationsfähige& &Schüler%Schülerin&. ;SFEM;;;
#2319=&Er%Sie& hält klassenbezogene Absprachen, wie z.B. Ordnung am Arbeitsplatz, stets ein. ;SFEM;;;
#2320=Aufgaben und Pflichten für die Klassen nimmt &er%sie& zuverlässig wahr. ;SFEM;;;
#2321=&Seine%Ihre& Arbeitsmittel und Hausaufgaben stehen immer zur Verfügung. ;SFEM;;;
#2322=&Er%Sie& kann gut mit Konflikten umgehen, Kritik sachlich äußern und an der eigenen Person annehmen.  ;SFEM;;;
#2323=Zudem begegnet &er%sie& anderen Menschen stets mit Respekt, Höflichkeit und Toleranz. ;SFEM;;;
#2324=&Er%Sie& kann auch erfolgreich mit anderen Kindern in der Gruppe zusammenarbeiten und &seine%ihre& Hilfe anbieten. ;SFEM;;;
#2325=In Unterhaltungen und Auseinandersetzungen zeigt sich $Vorname$s Kommunikationsfähigkeit. ;SFEM;;;
#2326=&Seine%Ihre& positive Entwicklung, &seine%ihre& gute Lern- und Leistungsmotivation, &seine%ihre& Selbstständigkeit sowie &seine%ihre& konstant gute Arbeitshaltung lassen den Schluss zu, dass &er%sie& auch den Anforderungen eines Gymnasiums gewachsen sein wird.   ;SFEM;;;
#2327=$Vorname$ verfügt über eine oft recht schnelle Auffassungsgabe. ;SFEM;;;
#2328=Bei unbekannten Aufgabenstellungen ist &er%sie& manchmal noch unsicher und holt sich Rat. ;SFEM;;;
#2329=Nach angemessenen Übungsphasen kann &er%sie& Gelerntes behalten und selbstständig anwenden.;SFEM;;;
#2330= $Vorname$ besitzt eine zunehmend ausgeprägte Problemlösefähigkeit, kann Lösungswege nachvollziehen und in Teilbereichen abstrahieren. ;SFEM;;;
#2331=&Er%Sie& kann Sachverhalte oftmals kritisch hinterfragen. ;SFEM;;;
#2332=&Seine%Ihre& Fähigkeiten, sich kreativ zu betätigen, sind angemessen ausgeprägt und meistens produktiv.;SFEM;;;
#2333=In vielen Situationen kann $Vorname$ selbstständig oder mit geringen Hilfen arbeiten, Aufgaben zu Ende führen und Ergebnisse eigenständig kontrollieren. ;SFEM;;;
#2334=Schriftliche Arbeiten erledigt &er%sie& ebenfalls in der Regel ohne Hilfen und zuverlässig. ;SFEM;;;
#2335=$Vorname$ zeigt vielfach eine gute Anstrengungsbereitschaft und arbeitet sorgfältig und gewissenhaft.;SFEM;;;
#2336= &Sein%Ihr& Arbeitstempo ist noch langsam. ;SFEM;;;
#2337=&Er%Sie& zeigt eine zufriedenstellende Konzentrationsfähigkeit. ;SFEM;;;
#2338=&Seine%Ihre& Grundkenntnisse und Fähigkeiten in den Fächern sind ausbaufähig und haben sich über die gesamte Grundschulzeit weiter entwickelt.;SFEM;;;
#2339=&Seine%Ihre& Beteiligung am Unterricht ist regelmäßig und &er%sie& zeigt sich aufmerksam und interessiert.;SFEM;;;
#2340=$Vorname$ ist&ein%eine& &verlässlicher%verlässliche& und &kooperationsfähiger%kooperationsfähige& &Schüler%Schülerin&, jedoch stehen &seine%ihre& Hausaufgaben nicht immer zur Verfügung. ;SFEM;;;
#2341=In Unterhaltungen und Auseinandersetzungen zeigt sich &seine%ihre& Kommunikationsfähigkeit.;SFEM;;;
#2342=$Vorname$ kann sowohl praxis– als auch theoriebezogen arbeiten. ;SFEM;;;
#2343=Da &er%sie& eine gute Lernbereitschaft sowie eine grundsätzliche Arbeitshaltung zeigt, ist für &ihn%sie& eine Schule zu empfehlen, die durch die Betonung des Klassenlehrerprinzips und einen stärkeren Personenbezug das Lernen ihrer Schüler lenkend begleitet;SFEM;;;
#2344=$Vorname$ benötigt für das Aufgabenverständnis noch viel Zeit und zeigt bei unbekannten Aufgabenstellungen häufig Unsicherheiten. ;SFEM;;;
#2345=Gelerntes kann &er%sie& nach längeren Übungsphasen behalten, jedoch nicht immer selbstständig anwenden.;SFEM;;;
#2346=&Er%Sie& kann Sachverhalte manchmal kritisch hinterfragen. ;SFEM;;;
#2347=&Sein%Ihr& Arbeitstempo ist langsam und &er%sie& benötigt in der Regel zusätzliche Erklärungen und Hilfen. ;SFEM;;;
#2348=An bekannten Aufgabenstellungen kann &er%sie& selbstständig arbeiten. $Vorname$ zeigt eine gute Lern- und Anstrengungsbereitschaft;SFEM;;;
#2349=&Seinen%Ihren& Aufgaben kommt &er%sie& im Rahmen&seiner%ihrer& Möglichkeiten immer mit der gebotenen Sorgfalt nach;SFEM;;;
#2350=$Vorname$ hat teilweise noch Schwierigkeiten, sich über längere Zeiträume zu konzentrieren, und &er%sie& benötigt in der Auseinandersetzung mit Unterrichtsinhalten oft mehr Zeit. ;SFEM;;;
#2351=&Seine%Ihre& Grundkenntnisse haben sich weiter entwickelt, weisen in manchen Fächern aber noch Defizite auf. ;SFEM;;;
#2352=$Vorname$ beteiligt sich selten am Unterricht und &seine%ihre& Beiträge sind nicht immer sachgerecht.;SFEM;;;
#2353=In Bezug auf &seine%ihre& Arbeitsmittel und die Hausaufgaben ist &er%sie& sorgfältig und verlässlich. ;SFEM;;;
#2354=&Seine%Ihre& Kooperationsfähigkeit ist ausgeprägt. In Unterhaltungen und sachlichen Auseinandersetzungen bringt &er%sie& sich eher wenig ein. ;SFEM;;;
#2355=&Er%Sie& hält die vereinbarten Verhaltensregeln ein und kann in der Gruppe mit anderen Kindern zusammenarbeiten.;SFEM;;;
#2356=Da $Vorname$ in&seinen%ihren& Leistungen in Teilbereichen noch Defizite aufweist, ist für &ihn%sie& eine Schule zu empfehlen, die den Lernstoff in kleinen Schritten vermittelt und die durch die Betonung des Klassenlehrerprinzips sowie einen stärkeren Personenbezug das Lernen ihrer Schüler lenkend begleitet. ;SFEM;;;
#2357=Aufgrund&seiner%ihrer& grundsätzlich guten Lern- und Anstrengungsbereitschaft ist zu vermuten, dass $Vorname$ hier gute Ergebnisse erzielen kann.;SFEM;;;
#2358=$Vorname$ benötigt für das Aufgabenverständnis noch viel Zeit und zeigt bei unbekannten Aufgabenstellungen häufig Unsicherheiten. ;SFEM;;;
#2359=Gelerntes kann &er%sie& nach längeren Übungsphasen behalten, jedoch nicht immer selbstständig anwenden.;SFEM;;;
#2360=&Er%Sie& kann Sachverhalte selten kritisch hinterfragen. ;SFEM;;;
#2361=&Sein%Ihr& Arbeitstempo ist sehr langsam und &er%sie& benötigt oft zusätzliche Erklärungen und Hilfen. ;SFEM;;;
#2362=An bekannten Aufgabenstellungen kann &er%sie& manchmal selbstständig arbeiten. ;SFEM;;;
#2363=$Vorname$ zeigt Lern- und Anstrengungsbereitschaft. ;SFEM;;;
#2364=&Er%Sie& hat Schwierigkeiten, sich über längere Zeiträume zu konzentrieren und benötigt in der Auseinandersetzung mit Unterrichtsinhalten oft mehr Zeit. ;SFEM;;;
#2365=&Seine%Ihre& Merkfähigkeit ist eher kurzzeitig. ;SFEM;;;
#2366=&Seine%Ihre& Grundkenntnisse haben sich zwar weiter entwickelt, weisen in den Fächern aber noch Defizite auf. ;SFEM;;;
#2367=Dem Unterrichtsgeschehen folgt $Vorname$ aufmerksam und interessiert.;SFEM;;;
#2368=&Er%Sie& beteiligt sich nicht immer aktiv am Unterricht und &seine%ihre& Beiträge sind nicht immer sachgerecht. ;SFEM;;;
#2369=In Bezug auf &seine%ihre& Arbeitsmittel und die Hausaufgaben ist &er%sie& wenig verlässlich.;SFEM;;;
#2370= $Vorname$ kann gut mit Konflikten umgehen und begegnet anderen Menschen mit Respekt, Höflichkeit und Toleranz. ;SFEM;;;
#2371=&Er%Sie& hält die vereinbarten Verhaltensregeln ein und kann in der Gruppe mit anderen Kindern zusammenarbeiten. ;SFEM;;;
#2372=Daher ist für $Vorname$ eine Schule zu empfehlen, die den Lernstoff in kleinen Schritten vermittelt und die durch die Betonung des Klassenlehrerprinzips sowie einen stärkeren Personenbezug das Lernen seiner Schüler lenkend begleitet. ;SFEM;;;
#2373=Aufgrund&seiner%ihrer& Lern- und Anstrengungsbereitschaft ist zu vermuten, dass &er%sie& hier gute Ergebnisse erzielen kann;SFEM;;;
#2374=Aufgrund&seiner%ihrer& positiven Entwicklung,&seiner%ihrer& guten Lern – und Leistungsmotivation und vor allem seines geringen Selbstvertrauens in &seine%ihre& Leistungsfähigkeit, ist für $Vorname$ eine Schule zu empfehlen, die sein Leistungspotential durch Differenzierungsmöglichkeiten positiv weiter entwickeln kann und die vor allem durch einen stärkeren Personenbezug das Lernen ihrer Schüler lenkend begleitet. ;SFEM;;;
#2375=$Vorname$ wurde im Förderschwerpunkt Lernen sonderpädagogisch gefördert und im Bildungsgang Grundschule unterrichtet.;FSP;;;
#2376=$Vorname$ wurde im Förderschwerpunkt Sprache sonderpädagogisch gefördert und im Bildungsgang Grundschule unterrichtet.;FSP;;;
#2377=$Vorname$ wurde im Förderschwerpunkt geistige Entwicklung sonderpädagogisch gefördert und im Bildungsgang Grundschule unterrichtet.;FSP;;;
#2378=$Vorname$ wurde im Förderschwerpunkt emotionale und soziale Entwicklung sonderpädagogisch gefördert und im Bildungsgang Grundschule unterrichtet.;FSP;;;
#2379=$Vorname$ wurde im Förderschwerpunkt körperliche und motorische Entwicklung sonderpädagogisch gefördert und im Bildungsgang Grundschule unterrichtet.;FSP;;;
#2380=$Vorname$ wurde im Förderschwerpunkt Lernen sonderpädagogisch gefördert und im zieldifferenten Bildungsgang Lernen unterrichtet.;FSP;;;
#2381=$Vorname$ wurde im Förderschwerpunkt Sprache sonderpädagogisch gefördert und im zieldifferenten Bildungsgang Sprache unterrichtet.;FSP;;;
#2382=$Vorname$ wurde im Förderschwerpunkt geistige Entwicklung sonderpädagogisch gefördert und im zieldifferenten Bildungsgang geistige Entwicklung unterrichtet.;FSP;;;
#2383=$Vorname$ wurde im Förderschwerpunkt emotionale und soziale Entwicklung sonderpädagogisch gefördert und im zieldifferenten Bildungsgang emotionale und soziale Entwicklung unterrichtet.;FSP;;;
#2384=$Vorname$ wurde im Förderschwerpunkt körperliche und motorische Entwicklung sonderpädagogisch gefördert und im zieldifferenten Bildungsgang körperliche und motorische Entwicklung unterrichtet.;FSP;;;
#2385=$Vorname$ hat gemäß § 18 AO-SF durch die Entscheidung des Schulamtes **Wuppertal** der Bezirksregierung **Düsseldorf** vom **tt.mm.jjjj** keinen Bedarf an sonderpädagogischer Unterstützung mehr.;FSP;;;
#2386=$Vorname$ wechselt gemäß § 18 AO-SF durch die Entscheidung des Schulamtes **Wuppertal** der Bezirksregierung **Düsseldorf** vom **tt.mm.jjjj** den Förderschwerpunkt. &Er%Sie& wird zukünftig im Förderschwerpunkt **** gefördert.;FSP;;;
#2387=$Vorname$ wechselt gemäß § 18 AO-SF durch die Entscheidung des Schulamtes **Wuppertal** der Bezirksregierung **Düsseldorf** vom **tt.mm.jjjj** im Förderschwerpunkt *** den Bildungsgang. &Er%Sie& wird zukünftig im Bildungsgang **** gefördert.;FSP;;;
#2388=Laut Beschluss der Klassenkonferenz vom **tt.mm.jjjj*** besteht gemäß § 17 AO-SF der Bedarf an sonderpädagogischer Unterstützung im Förderschwerpunkt **** mit dem zielgleichen Bildungsgang **** mit dem zieldifferenten **** weiterhin.;FSP;;;
#2389=Ein Bericht zum Arbeits- und Sozialverhalten wird dem Zeugnis hinzugefügt, wenn die Versetzungskonferenz dies beschlossen hat und die Schulkonferenz dazu eine einheitliche Vorgehensweise festgelegt hat (§ 49 Absatz 2 Schulgesetzt NRW). Je nach Umfang kann dieser Bericht dem Zeugnis als Anlage hinzugefügt werden.;FSP;;;
#2390=Wenn nach $ 33 Absatz 3 AO-SF verfahren wird, werden die Noten in das Berichtszeugnis integriert. Es wird darauf hingewiesen, dass sich die Leistungsbewertung mit Noten an den Anforderungen der vorhergehenden Jahrgangsstufe der Grundschule oder der Hauptschule orientiert.;FSP;;;
#2391=Die Zugehörigkeit zum Bildungsgang Lernen wurde gemaäß § 18 AO-SF durch die Entscheidung des Schulamtes **Wuppertal** der Bezirksregierung **Düsseldorf** vom **tt.mm.jjjj** aufgehoben. Deshalb wird $Vorname§ zukünftig zielgleich im Bildungsgang der allgemeinen Schule unterrichtet. $Vorname$ hat aber weiterhin sonderpädagogischen Förderbedarf im Förderschwerpunkt ****.;FSP;;;
#2392=$Vorname$ nimmt im kommenden Schuljahr am Unterricht der Klasse 10 in einem besonderen Bildungsgang teil, mit dem Ziel, einem dem Hauptschulabschluss (nach Klasse 9) gleichwertigen Abschluss zu erreichen.;FSP;;;
#2393=$Vorname$ hat den Abschluss des Bildungsgangs Lernen erworben.;FSP;;;
#ASV008=&Er%Sie& zeigte Kommunikations- und Reflexionskompetenz in Bezug auf ihre/seine Lern- und Arbeitsprozesse und konnte sich (auf Nachfrage) dazu äußern. ;ASV;;;
#ASV009=Schriftliche Arbeiten und Hausaufgaben fertigte $VORNAME$ stets/oft/meist strukturiert sowie zuverlässig an und hielt ihre/seine Unterrichtsmaterialien gewissenhaft/in der Regel vollständig bereit. ;ASV;;;
#ASV010=$Vorname$ ist sehr aufmerksam und beteiligt sich häufig am Unterrichtsgeschehen. ;ASV;;;
#ASV011=&Er%Sie& äußert sich immer mit sachbezogenen Beiträgen.;ASV;;;
#ASV012=$Vorname$ zeigt hohe Anstrengungsbereitschaft.;ASV;;;
#ASV013=&Er%Sie& setzt Arbeitsanweisungen sehr selbstständig um.;ASV;;;
#ASV014=$Vorname$ arbeitet sehr konzentriert.;ASV;;;
#ASV015=&Er%Sie& zeigt große Ausdauer.;ASV;;;
#ASV016=$Vorname$ arbeitet immer in angemessenem Tempo.;ASV;;;
#ASV017=&Er%Sie& erledigt Hausaufgaben sehr zuverlässig.;ASV;;;
#ASV018=$Vorname$ achtet immer auf die Vollständigkeit der Materialien;ASV;;;
#ASV019=&Er%Sie& arbeitet sehr sauber und übersichtlich;ASV;;;
#ASV020=$Vorname$ organisiert äußerst selbstständig den Arbeitsplatz;ASV;;;
#ASV021=$Vorname$ ist aufmerksam und beteiligt sich am Unterrichtsgeschehen. ;ASV;;;
#ASV022=&Er%Sie& äußert sich mit sachbezogenen Beiträgen.;ASV;;;
#ASV023=$Vorname$ zeigt Anstrengungsbereitschaft.;ASV;;;
#ASV024=&Er%Sie& setzt Arbeitsanweisungen selbstständig um.;ASV;;;
#ASV025=$Vorname$ arbeitet konzentriert.;ASV;;;
#ASV026=&Er%Sie& zeigt Ausdauer.;ASV;;;
#ASV027=$Vorname$ arbeitet meist in angemessenem Tempo.;ASV;;;
#ASV028=&Er%Sie& erledigt in der Regel Hausaufgaben zuverlässig.;ASV;;;
#ASV029=$Vorname$ achtet auf die Vollständigkeit der Materialien;ASV;;;
#ASV030=&Er%Sie& arbeitet sauber und übersichtlich;ASV;;;
#ASV031=$Vorname$ organisiert selbstständig den Arbeitsplatz;ASV;;;
#ASV032=$Vorname$ ist meist aufmerksam und beteiligt sich am Unterrichtsgeschehen. ;ASV;;;
#ASV033=&Er%Sie& äußert sich schon manchmal mit sachbezogenen Beiträgen.;ASV;;;
#ASV034=$Vorname$ zeigt auch Anstrengungsbereitschaft.;ASV;;;
#ASV035=&Er%Sie& setzt Arbeitsanweisungen immer selbstständiger um.;ASV;;;
#ASV036=$Vorname$ arbeitet meistens konzentriert.;ASV;;;
#ASV037=&Er%Sie& zeigt oft Ausdauer.;ASV;;;
#ASV038=$Vorname$ erledigt seine Aufgaben meist in der vorgegebenen Zeit.;ASV;;;
#ASV039=&Er%Sie& erledigt Hausaufgaben nur selten zuverlässig.;ASV;;;
#ASV040=$Vorname$ achtet in der Regel auf die Vollständigkeit der Materialien;ASV;;;
#ASV041=&Er%Sie& arbeitet recht sauber und übersichtlich;ASV;;;
#ASV042=$Vorname$ organisiert meist selbstständig den Arbeitsplatz;ASV;;;
#ASV043=$Vorname$ ist manchmal unaufmerksam und beteiligt sich wenig am Unterrichtsgeschehen. ;ASV;;;
#ASV044=&Er%Sie& äußert sich selten mit sachbezogenen Beiträgen.;ASV;;;
#ASV045=$Vorname$ zeigt wenig Anstrengungsbereitschaft.;ASV;;;
#ASV046=&Er%Sie& setzt Arbeitsanweisungen nur mit Hilfe um.;ASV;;;
#ASV047=$Vorname$ arbeitet nicht immer konzentriert.;ASV;;;
#ASV048=&Er%Sie& zeigt nur selten Ausdauer.;ASV;;;
#ASV049=$Vorname$ erledigt seine Aufgaben kaum in der vorgegebenen Zeit.;ASV;;;
#ASV050=&Er%Sie& erledigt Hausaufgaben nur selten vollständig und zuverlässig.;ASV;;;
#ASV051=$Vorname$ achtet nicht immer auf die Vollständigkeit der Materialien.;ASV;;;
#ASV052=&Er%Sie& arbeitet noch  nicht ordentlich und übersichtlich genug.;ASV;;;
#ASV053=$Vorname$ organisiert meist selbstständig den Arbeitsplatz.;ASV;;;
#ASV054=$Vorname$ begegnet anderen immer mit Respekt und Höflichkeit.;ASV;;;
#ASV055=&Er%Sie& hält sich sehr konsequent an Regeln und Vereinbarungen.;ASV;;;
#ASV056=$Vorname$ zeigt sich sehr hilfsbereit.;ASV;;;
#ASV057=&Er%Sie& übernimmt zuverlässig Aufgaben für die Gemeinschaft.;ASV;;;
#ASV058=$Vorname$ arbeitet kooperativ mit anderen zusammen.;ASV;;;
#ASV059=&Er%Sie& bringt sich bei Partner- und Gruppenarbeit aktiv ein.;ASV;;;
#ASV060=$Vorname$ löst Streitigkeiten immer gewaltfrei.;ASV;;;
#ASV061=&Er%Sie& verfügt über angemessene Konfliktlösungsstrategien.;ASV;;;
#ASV062=$Vorname$ begegnet anderen meist mit Respekt und Höflichkeit.;ASV;;;
#ASV063=&Er%Sie& hält sich weitgehend konsequent an Regeln und Vereinbarungen.;ASV;;;
#ASV064=$Vorname$ zeigt sich recht hilfsbereit.;ASV;;;
#ASV065=&Er%Sie& übernimmt Aufgaben für die Gemeinschaft.;ASV;;;
#ASV066=$Vorname$ arbeitet mit anderen zusammen.;ASV;;;
#ASV067=&Er%Sie& bringt sich bei Partner- und Gruppenarbeit auch schon aktiv ein.;ASV;;;
#ASV068=$Vorname$ löst Streitigkeiten meist gewaltfrei.;ASV;;;
#ASV069=&Er%Sie& verfügt teilweise über angemessene Konfliktlösungsstrategien.;ASV;;;
#D11.00=$Vorname$ kann unbekannte Texte fließend und selbstständig erlesen. ;FACH;D;01;E1
#D11.01=Dabei gelingt es $Vorname$ immer sicher, den Sinn in eigenen Worten wiederzugeben. ;FACH;D;01;E1
#D11.02=Es gelingt $Vorname$ stets Fragen zum Text zu beantworten. ;FACH;D;01;E1
#D11.03=Auch Lese- Malaufträge führt $Vorname$ sachgemäß aus. ;FACH;D;01;E1
#D11.04=$Vorname$ schreibt Texte stets fehlerfrei ab;FACH;D;01;E1
#D11.05=Auch kurze Texte schreibt $Vorname$ bereits fehlerfrei ab;FACH;D;01;E1
#D11.06=Es gelingt $Vorname$ schon sehr sicher Wörter lautgetreu/fehlerfrei aufzuschreiben;FACH;D;01;E1
#D11.07=Wörter kann $Vorname$ immer selbstständig in Silben zerlegen.;FACH;D;01;E1
#D11.08=$Vorname$ wendet beim Schreiben eigener Texte recht sicher erste Rechtschreibmuster an.;FACH;D;01;E1
#D11.09=$Vorname$ hält beim Schreiben eigener Texte stets Wortgrenzen ein, setzt Satzschlusszeichen gezielt und achtet auf die Großschreibung am Satzanfang.;FACH;D;01;E1
#D11.10=$Vorname$ kann &seine%ihre& Gedanken sehr angemessen und verständlich verbalisieren.;FACH;D;01;E1
#D11.11=$Vorname$ beteiligt sich sehr häufig an themenbezogenen Gesprächen.;FACH;D;01;E1
#D11.12=Die gemeinsam vereinbarten Gesprächsregeln hält $Vorname$ stets ein.;FACH;D;01;E1
#D11.13=Im Fach Deutsch bringt $Vorname$ sehr häufig eigene Ideen mit ein und äußert sich sehr anschaulich, wortreich und sprachlich korrekt.;FACH;D;01;E1
#D11.14=Im Fach Deutsch gelingt es $Vorname$ stets zusammenhängend, sehr anschaulich und verständlich zu erzählen.;FACH;D;01;E1
#D11.15=Es gelingt $Vorname$ anderen konzentriert zuzuhören und gezielt auf das Gehörte einzugehen.;FACH;D;01;E1
#D11.16=Kurze Texte und Gedichte vorzutragen bereitet $Vorname$ große Freude.;FACH;D;01;E1
#D11.17=$Vorname$ schreibt eigene kurze Texte sehr verständlich auf.;FACH;D;01;E1
#D11.18=Im Fach Deutsch schreibt $Vorname$ angeleitete Texte sicher in vollständigen Sätzen.;FACH;D;01;E1
#D11.19=Eigene freie Texte schreibt $Vorname$ logisch durchdacht und in ganzen Sätzen auf.;FACH;D;01;E1
#D11.20=$Vorname$ gelingt es, stets flüssig und formklar in Druckschrift zu schreiben.;FACH;D;01;E1
#D11.21=$Vorname$ schreibt die eingeführten Buchstaben stets bewegungsrichtig und formklar.;FACH;D;01;E1
#D12.01=$Vorname$ kann unbekannte Texte selbstständig erlesen. ;FACH;D;02;E1
#D12.02=Dabei gelingt es $Vorname$ in der Regel sicher, den Sinn in eigenen Worten wiederzugeben. ;FACH;D;02;E1
#D12.03=Es gelingt $Vorname$ oft, Fragen zum Text zu beantworten. ;FACH;D;02;E1
#D12.04=$Vorname$ kennt die meisten der erlernten Buchstaben und kann ihnen weitgehend problemlos passende Laute zuordnen;FACH;D;02;E1
#D12.05=$Vorname$ schreibt auch wenig geübte Sätze auswendig und in der Regel fehlerfrei.;FACH;D;02;E1
#D12.06=Auch kurze Texte schreibt $Vorname$ mit wenigen Fehlern ab.;FACH;D;02;E1
#D12.07=Es gelingt $Vorname$ schon sicher, Wörter lautgetreu/fehlerfrei aufzuschreiben;FACH;D;02;E1
#D12.08=Wörter kann $Vorname$ meist selbstständig in Silben zerlegen.;FACH;D;02;E1
#D12.09=$Vorname$ kann Groß- und Kleinbuchstaben unterscheiden.;FACH;D;02;E1
#D12.10=$Vorname$ wendet beim Schreiben eigener Texte erste Rechtschreibmuster an.;FACH;D;02;E1
#D12.11=$Vorname$ hält beim Schreiben eigener Texte Wortgrenzen ein, setzt Satzschlusszeichen und achtet in der Regel auf die Großschreibung am Satzanfang.;FACH;D;02;E1
#D12.12=$Vorname$ kann &seine%ihre& Gedanken angemessen und verständlich verbalisieren.;FACH;D;02;E1
#D12.13=$Vorname$ beteiligt sich häufig an themenbezogenen Gesprächen.;FACH;D;02;E1
#D12.14=Die gemeinsam vereinbarten Gesprächsregeln hält $Vorname$ meistens ein.;FACH;D;02;E1
#D12.15=Die gemeinsam vereinbarten Gesprächsregeln hält $Vorname$ gelegentlich ein.;FACH;D;02;E1
#D12.16=Im Fach Deutsch bringt $Vorname$ häufig eigene Ideen mit ein. Dabei äußert sich $Vorname$ anschaulich, wortreich und sprachlich korrekt. ;FACH;D;02;E1
#D12.17=Im Fach Deutsch gelingt es $Vorname$ meist zusammenhängend, anschaulich und verständlich zu erzählen.;FACH;D;02;E1
#D12.18=Es gelingt $Vorname$ anderen konzentriert zuzuhören und auf das Gehörte einzugehen.;FACH;D;02;E1
#D12.19=Es gelingt $Vorname$ kurze Texte und Gedichte sicher vorzutragen.;FACH;D;02;E1
#D12.20=$Vorname$ schreibt eigene kurze Texte verständlich auf.;FACH;D;02;E1
#D12.21=Im Fach Deutsch schreibt $Vorname$ angeleitete Texte zunehmend in einfachen Sätzen.;FACH;D;02;E1
#D12.22=Eigene freie Texte schreibt $Vorname$ logisch durchdacht und in meist ganzen Sätzen auf.;FACH;D;02;E1
#D12.23=$Vorname$ gelingt es, häufig flüssig und formklar in Druckschrift zu schreiben.;FACH;D;02;E1
#D12.24=$Vorname$ schreibt die eingeführten Buchstaben überwiegend bewegungsrichtig und formklar.;FACH;D;02;E1
#D13.01=$Vorname$ kann bekannte oder geübte kurze Texte zögerlich erlesen. ;FACH;D;03;E1
#D13.02=Dabei gelingt es $Vorname$ meistens, den Sinn des Gelesenen in eigenen Worten wiederzugeben. ;FACH;D;03;E1
#D13.03=Es gelingt$Vorname$ manchmal, Fragen zum Text zu beantworten. ;FACH;D;03;E1
#D13.04=$Vorname$ kennt einige der erlernten Buchstaben und kann ihnen nach Einübung passende Laute zuordnen;FACH;D;03;E1
#D13.05=$Vorname$ kann bekannte Wörter immer öfter mit geringer Fehlerzahl aufschreiben .;FACH;D;03;E1
#D13.06=Kurze Texte schreibt $Vorname$ noch nicht fehlerfrei ab. .;FACH;D;03;E1
#D13.07=Es gelingt $Vorname$ überwiegend sicher, Wörter lautgetreu/fehlerfrei aufzuschreiben;FACH;D;03;E1
#D13.08=Wörter kann $Vorname$ in der Regel selbstständig in Silben zerlegen.;FACH;D;03;E1
#D13.09=$Vorname$ wendet beim Schreiben eigener Texte erste Rechtschreibmuster teilweise an.;FACH;D;03;E1
#D13.10=$Vorname$ hält beim Schreiben eigener Texte Wortgrenzen in der Regel ein, setzt meist Satzschlusszeichen und achtet häufig auch auf die Großschreibung am Satzanfang.;FACH;D;03;E1
#D13.11=$Vorname$ kann &seine%ihre& Gedanken teilweise angemessen und verständlich verbalisieren.;FACH;D;03;E1
#D13.12=$Vorname$ beteiligt sich gelegentlich an themenbezogenen Gesprächen.;FACH;D;03;E1
#D13.13=Die gemeinsam vereinbarten Gesprächsregeln hält $Vorname$ dabei selten ein.;FACH;D;03;E1
#D13.14=Im Fach Deutsch bringt $Vorname$ gelegentlich eigene Ideen mit ein. Dabei äußert sich $Vorname$ meistens wortreich und sprachlich korrekt. ;FACH;D;03;E1
#D13.15=Im Fach Deutsch gelingt es $Vorname$ zunehmend, anschaulich, zusammenhängend und verständlich zu erzählen.;FACH;D;03;E1
#D13.16=Es gelingt $Vorname$ meistens anderen konzentriert und aufmerksam zuzuhören.;FACH;D;03;E1
#D13.17=Es gelingt $Vorname$ kurze Texte und Gedichte zunehmend sicher vorzutragen.;FACH;D;03;E1
#D13.18=$Vorname$ schreibt eigene kurze Texte zunehmend verständlich auf.;FACH;D;03;E1
#D13.19=Im Fach Deutsch schreibt $Vorname$ angeleitete Texte nur ansatzweise in einfachen Sätzen.;FACH;D;03;E1
#D13.20=$Vorname$ verfügt über kreative Ideen für eigene Texte, hat aber gelegentlich noch Schwierigkeiten, diese ausdauernd und verständlich zu Papier zu bringen.;FACH;D;03;E1
#D13.21=$Vorname$ gelingt es, teilweise flüssig und formklar in Druckschrift zu schreiben.;FACH;D;03;E1
#D13.22=$Vorname$ schreibt die eingeführten Buchstaben zunehmend bewegungsrichtig und recht formklar.;FACH;D;03;E1
#D14.01=$Vorname$ beherrscht die Laut-Buchstaben- Zuordnung weitgehend. ;FACH;D;04;E1
#D14.02=Das Erlesen lautgetreuer Wörter gelingt $Vorname$ in der Regel selbstständig. ;FACH;D;04;E1
#D14.03=Bei Sätzen und kurzen Texten benötigt $Vorname$ Unterstützung. ;FACH;D;04;E1
#D14.04=$Vorname$ kennt wenige der erlernten Buchstaben und kann ihnen passende Laute zuordnen.;FACH;D;04;E1
#D14.05=Auch bekannte Wörter schreibt $Vorname$ oft fehlerhaft.;FACH;D;04;E1
#D14.06=Kurze Texte schreibt $Vorname$ mit vielen Fehlern ab;FACH;D;04;E1
#D14.07=Es gelingt $Vorname$ manchmal, Wörter lautgetreu/fehlerfrei aufzuschreiben;FACH;D;04;E1
#D14.08=Beim Zerlegen von Wörtern benötigt $Vorname$ häufig noch Hilfe.;FACH;D;04;E1
#D14.09=$Vorname$ fällt es schwer, beim Schreiben eigener Texte erste Rechtschreibmuster anzuwenden. ;FACH;D;04;E1
#D14.10=$Vorname$ fällt es schwer, beim Schreiben eigener Texte Wortgrenzen einzuhalten Satzschlusszeichen zu setzen und auf die Großschreibung am Satzanfang zu achten.;FACH;D;04;E1
#D14.11=$Vorname$ kann &seine%ihre& Gedanken ansatzweise angemessen und verständlich verbalisieren.;FACH;D;04;E1
#D14.12=$Vorname$ beteiligt sich selten an themenbezogenen Gesprächen.;FACH;D;04;E1
#D14.13=Im Fach Deutsch bringt $Vorname$ selten eigene Ideen mit ein. Dabei äußert sich $Vorname$ zunehmend anschaulich, wortreich und meist sprachlich korrekt.;FACH;D;04;E1
#D14.14=Im Fach Deutsch gelingt es $Vorname$ ansatzweise, zusammenhängend, anschaulich und verständlich zu erzählen.;FACH;D;04;E1
#D14.15=Es gelingt $Vorname$ zunehmend, anderen konzentriert und aufmerksam zuzuhören.;FACH;D;04;E1
#D14.16=Es gelingt $Vorname$ noch nicht immer, kurze Texte und Gedichte sicher vorzutragen.;FACH;D;04;E1
#D14.17=$Vorname$ schreibt eigene kurze Texte ansatzweise verständlich auf.;FACH;D;04;E1
#D14.18=$Vorname$ verfügt über kreative Ideen für eigene Texte, hat aber häufig Schwierigkeiten, diese ausdauernd und verständlich zu Papier zu bringen.;FACH;D;04;E1
#D14.19=$Vorname$ gelingt es, ansatzweise flüssig und formklar in Druckschrift zu schreiben.;FACH;D;04;E1
#D14.20=$Vorname$ fällt es noch schwer, die eingeführten Buchstaben bewegungsrichtig und formklar zu schreiben.;FACH;D;04;E1
#D15.01=$Vorname$ kann noch nicht alle Buchstaben und die dazugehörigen Laute, so dass $Vorname$ nur kurze bekannte lautgetreue Wörter erlesen kann. ;FACH;D;05;E1
#D15.02=$Vorname$ sollte die Laut- Buchstaben- Zuordnung intensiv trainieren und täglich lesen üben. ;FACH;D;05;E1
#D15.03=$Vorname$ kennt die erlernten Buchstaben noch nicht sicher und kann ihnen passende Laute nicht selbständig zuordnen;FACH;D;05;E1
#D15.04=$Vorname$ kann beim Abschreiben ein Wort noch nicht vollständig übertragen .;FACH;D;05;E1
#D15.05=Es gelingt $Vorname$ selten, Wörter lautgetreu/fehlerfrei aufzuschreiben;FACH;D;05;E1
#D15.06=Es gelingt $Vorname$ noch nicht Texte ohne Fehler abzuschreiben;FACH;D;05;E1
#D15.07=Wörter kann $Vorname$ noch nicht selbstständig in Silben zerlegen;FACH;D;05;E1
#D15.08=Es gelingt $Vorname$ noch nicht Texte ohne Fehler abzuschreiben;FACH;D;05;E1
#D15.09=$Vorname$ gelingt es noch nicht, beim Schreiben eigener Texte erste Rechtschreibmuster anzuwenden. ;FACH;D;05;E1
#D15.10=$Vorname$ kann beim Schreiben eigener Texte Wortgrenzen noch nicht einhalten. ;FACH;D;05;E1
#D15.11=$Vorname$ sollte lernen, Satzschlusszeichen zu setzen und auf die Großschreibung am Satzanfang zu beachten.;FACH;D;05;E1
#D15.12=Im Fach Deutsch bringt $Vorname$ selten eigene Ideen mit ein. Dabei äußert sich $Vorname$ ansatzweise anschaulich, wortreich und zunehmend sprachlich korrekt.;FACH;D;05;E1
#D15.13=Es gelingt $Vorname$ noch nicht immer, anderen konzentriert und aufmerksam zuzuhören.;FACH;D;05;E1
#D15.14=$Vorname$ fällt es häufig noch schwer, die eingeführten Buchstaben bewegungsrichtig und formklar zu schreiben.;FACH;D;05;E1
#D21.01=Bekannte Texte kann $Vorname$ sehr betont, fehlerfrei und flüssig vortragen.;FACH;D;01;E2
#D21.02=Auch unbekannte Texte liest $Vorname$ fließend und kann den Inhalt immer richtig wiedergeben.;FACH;D;01;E2
#D21.03=Regelmäßig äußert $Vorname$ Gedanken zu gelesenen Texten und beantwortet Fragen problemlos.;FACH;D;01;E2
#D21.04=Schriftliche Arbeitsaufträge und Anweisungen liest $Vorname$ sehr genau und handelt danach sehr selbständig.;FACH;D;01;E2
#D21.05=$Vorname$ entwickelt ein insgesamt sehr schnelles Regelbewusstsein für die Rechtschreibung und ist in der Lage, Laute sehr sicher zu unterscheiden.;FACH;D;01;E2
#D21.06=Beim Verfassen eigener Texte wendet $Vorname$ erste rechtschriftliche Kenntnisse sehr sicher an.;FACH;D;01;E2
#D21.07=$Vorname$ achtet stets auf Einhaltung von Wort- und Satzgrenzen und schreibt Satzanfänge immer mit großem Anfangsbuchstaben.;FACH;D;01;E2
#D21.08=$Vorname$ schreibt Texte fehlerfrei ab.;FACH;D;01;E2
#D21.09=Im Deutschunterricht beteiligt sich $Vorname$ stets aktiv mit durchdachten und weiterführenden Beiträgen am Unterrichtsgeschehen.;FACH;D;01;E2
#D21.10=Dabei kann sich $Vorname$ sehr klar und zusammenhängend in einem altersgerechten Wortschatz ausdrücken.;FACH;D;01;E2
#D21.11=Auch im Erzählkreis berichtet $Vorname$ sehr gerne und ausführlich von eigenen Erlebnissen.;FACH;D;01;E2
#D21.12=An vereinbarte Erzähl- und Zuhörregeln kann sich $Vorname$ immer halten.;FACH;D;01;E2
#D21.13=Gelegenheiten zum freien Schreiben ergreift $Vorname$ weiterhin motiviert.;FACH;D;01;E2
#D21.14=Dabei gelingt es $Vorname$ gut, über Schreibanlässe zu sprechen, Schreibideen zu entwickeln und eigene Texte sehr verständlich aufzuschreiben.;FACH;D;01;E2
#D21.15=Auch das Verfassen von Texten nach Vorgaben gelingt $Vorname$ problemlos.;FACH;D;01;E2
#D22.01=Bekannte Texte kann $Vorname$ betont, meist fehlerfrei und flüssig vortragen.;FACH;D;02;E2
#D22.02=Auch unbekannte Texte liest $Vorname$ schon sicher und kann den Inhalt richtig wiedergeben.;FACH;D;02;E2
#D22.03=Über eigene Leseerfahrungen tauscht sich $Vorname$ gerne aus und kann Fragen zum Text gut beantworten.;FACH;D;02;E2
#D22.04=Schriftliche Arbeitsaufträge liest $Vorname$ genau und handelt danach selbständig.;FACH;D;02;E2
#D22.05=$Vorname$ entwickelt ein gutes Regelbewusstsein für die Rechtschreibung und ist in der Lage, Laute sicher zu unterscheiden.;FACH;D;02;E2
#D22.06=Beim Verfassen eigener Texte wendet $Vorname$ erste rechtschriftliche Kenntnisse an.;FACH;D;02;E2
#D22.07=Dabei achtet $Vorname$ gut auf die Einhaltung von Wort- und Satzgrenzen und schreibt Satzanfänge mit großem Anfangsbuchstaben.;FACH;D;02;E2
#D22.08=$Vorname$ schreibt Texte meist fehlerfrei ab.;FACH;D;02;E2
#D22.09=Im Deutschunterricht beteiligt sich $Vorname$ aktiv mit durchdachten und weiterführenden Beiträgen am Unterrichtsgeschehen.;FACH;D;02;E2
#D22.10=Dabei kann sich $Vorname$ klar und zusammenhängend in einem altersgerechten Wortschatz ausdrücken.;FACH;D;02;E2
#D22.11=Auch im Erzählkreis berichtet $Vorname$ gerne und verständlich von eigenen Erlebnissen.;FACH;D;02;E2
#D22.12=An vereinbarte Erzähl- und Zuhörregeln kann sich $Vorname$ gut halten.;FACH;D;02;E2
#D22.13=Gelegenheiten zum freien Schreiben ergreift $Vorname$ weiterhin motiviert.;FACH;D;02;E2
#D22.14=Dabei gelingt es $Vorname$ in der Regel gut, über Schreibanlässe zu sprechen, Schreibideen zu entwickeln und eigene Texte verständlich aufzuschreiben.;FACH;D;02;E2
#D22.15=Auch das Verfassen von Texten nach Vorgaben gelingt $Vorname$ häufig schon gut.;FACH;D;02;E2
#D23.01=$Vorname$ kann bekannte und geübte Texte $Vorname$ immer sicherer und flüssig vortragen.;FACH;D;03;E2
#D23.02=Bei unbekannten längeren Texten zeigen sich aber teilweise noch Unsicherheiten, so dass $Vorname$ noch ins Stocken gerät.;FACH;D;03;E2
#D23.03=Über eigene Leseerfahrungen tauscht sich $Vorname$ aus und kann immer öfter Fragen zu einem Text beantworten.;FACH;D;03;E2
#D23.04=Kurze schriftliche Arbeitsaufträge liest $Vorname$ immer häufiger genau und handelt in der Regel danach. ;FACH;D;03;E2
#D23.05=$Vorname$ entwickelt ein Regelbewusstsein für die Rechtschreibung und kann Laute teilweise sicher voneinander unterscheiden.;FACH;D;03;E2
#D23.06=Beim Verfassen eigener Texte wendet $Vorname$ erste rechtschriftliche Kenntnisse an.;FACH;D;03;E2
#D23.07=Dabei achtet $Vorname$ in der Regel auf die Einhaltung von Wort- und Satzgrenzen und schreibt Satzanfänge mit großem Anfangsbuchstaben.;FACH;D;03;E2
#D23.08=$Vorname$ schreibt Texte mit wenigen Fehlern ab.;FACH;D;03;E2
#D23.09=Im Deutschunterricht beteiligt sich $Vorname$ je nach Unterrichtsgegenstand unterschiedlich aktiv am Unterrichtsgeschehen.;FACH;D;03;E2
#D23.10=$Vorname$ ist in der Lage, sich zu den unterrichtlichen Themen angemessen und zusammenhängend auszudrücken.;FACH;D;03;E2
#D23.11=Im Erzählkreis berichtet $Vorname$ gerne und verständlich, aber eher knapp von eigenen Erlebnissen.;FACH;D;03;E2
#D23.12=An vereinbarte Erzähl- und Zuhörregeln kann sich $Vorname$ immer besser halten.;FACH;D;03;E2
#D23.13=Gelegenheiten zum freien Schreiben ergreift $Vorname$ in der Regel gerne.;FACH;D;03;E2
#D23.14=Es gelingt $Vorname$ immer öfter über Schreibanlässe zu sprechen, Schreibideen zu entwickeln und eigene Texte verständlich aufzuschreiben.;FACH;D;03;E2
#D23.15=Manchmal benötigt $Vorname$ beim Verfassen von Texten nach Vorgaben noch ein wenig Unterstützung.;FACH;D;03;E2
#D24.01=$Vorname$ trägt bekannte und geübte Texte noch recht mühsam, bedächtig und wenig flüssig vor.;FACH;D;04;E2
#D24.02=Insbesondere bei unbekannten Texten zeigen sich noch Unsicherheiten, so dass $Vorname$ immer wieder ins Stocken gerät und kein Lesefluss entsteht.;FACH;D;04;E2
#D24.03=Manchmal beteiligt sich $Vorname$ an Gesprächen über Texte.;FACH;D;04;E2
#D24.04=Selten liest $Vorname$ schriftliche Arbeitsaufträge genau, so dass $Vorname$ auf individuelle Hilfestellungen angewiesen ist.;FACH;D;04;E2
#D24.05=$Vorname$ entwickelt ansatzweise ein Regelbewusstsein für die Rechtschreibung und kann Laute teilweise sicher voneinander unterscheiden.;FACH;D;04;E2
#D24.06=Beim Verfassen eigener Texte wendet $Vorname$ erste rechtschriftliche Kenntnisse an. ;FACH;D;04;E2
#D24.07=$Vorname$ hat teilweise noch Schwierigkeiten, Wort- und Satzgrenzen einzuhalten und Sätze vollständig auszuformulieren.;FACH;D;04;E2
#D24.08=Bei Abschreibübungen unterlaufen $Vorname$ manchmal noch Fehler.;FACH;D;04;E2
#D24.09=Im Deutschunterricht beteiligt sich $Vorname$ teilweise aktiv am Unterrichtsgeschehen.;FACH;D;04;E2
#D24.10=Gelegentlich muss $Vorname$ auch zur aktiven Mitarbeit aufgefordert werden.;FACH;D;04;E2
#D24.11=Im Erzählkreis berichtet $Vorname$ gerne, aber eher knapp und in einem eingeschränkten Wortschatz von eigenen Erlebnissen.;FACH;D;04;E2
#D24.12=An vereinbarte Erzähl- und Zuhörregeln muss $Vorname$ manchmal noch erinnert werden.;FACH;D;04;E2
#D24.13=Es fällt $Vorname$ manchmal noch schwer, über Schreibanlässe zu sprechen, Schreibideen zu entwickeln und eigene Texte verständlich aufzuschreiben.;FACH;D;04;E2
#D24.14=$Vorname$ benötigt beim Verfassen von Texten nach Vorgaben noch Hilfe.;FACH;D;04;E2
#D31.01=$Vorname$ gelernte Wörter, Wendungen und Sätze, die sie/er nahezu immer richtig einsetzt.;FACH;D;01;03
#D31.02=$Vorname$ verfügt über hervorragende Lesefähigkeiten und Fertigkeiten. ;FACH;D;01;03
#D31.03=Verschiedene Texte kann &er%sie& fließend und sinngestaltend vortragen, sowie wichtige Informationen entnehmen und richtig wiedergeben.;FACH;D;01;03
#D31.04=$Vorname$ kann auch längere Texte fehlerfrei abschreiben. ;FACH;D;01;03
#D31.05=$Vorname$ kann bereits gelernte Rechtschreibregeln richtig anzuwenden. ;FACH;D;01;03
#D31.06=In der Rechtschreibung beweist $Vorname$, dass &er%sie& über ein beachtliches Regelwissen verfügt.;FACH;D;01;03
#D31.07=$Vorname$ Rechtschreibleistung ist bereits sicher ausgeprägt. ;FACH;D;01;03
#D31.08=$Vorname$ kann grundlegende Regeln der Rechtschreibung berücksichtigen. ;FACH;D;01;03
#D31.09=$Vorname$ ist fähig Merkhilfenund Regeln zu finden und richtig anzuwenden. ;FACH;D;01;03
#D31.10=$Vorname$ kennt sehr genau grundlegende Regeln der Rechtschreibung und nutzt sie selbständig.;FACH;D;01;03
#D31.11=$Vorname$ kann die Rechtschreibung in &seinen%ihren& Texten mit dem Wörterbuch/PC überprüfen. ;FACH;D;01;03
#D31.12=$Vorname$ nutzt Überarbeitungsmöglichkeiten (Wörterbuch/PC) selbständig und sicher.;FACH;D;01;03
#D31.13=$Vorname$ ist stets in der Lage, sich zu den unterrichtlichen Themen klar und zusammenhängend auszudrücken und Beiträge anderer themenbezogen aufzugreifen. ;FACH;D;01;03
#D31.14=An Klassengesprächen nimmt $Vorname$ aktiv teil und kann Gespräche jederzeit anregen und bereichern.;FACH;D;01;03
#D31.15=Im Unterricht verfügt $Vorname$ über ein ausgeprägtes Wissen und über einen umfangreichen Wortschatz.;FACH;D;01;03
#D31.16=Es fällt $Vorname$ leicht, eigene Schreibideen zu entwickeln und Texte unter Berücksichtigung erarbeiteter Schreibkriterien selbständig und sicher zu erfassen.;FACH;D;01;03
#D32.01=$Vorname$ verfügt über gute Lesefähigkeiten und Fertigkeiten.;FACH;D;02;03
#D32.02= Verschiedene Texte kann &er%sie& meist fließend und mit Sinn für Betonung vortragen, sowie ohne größere Schwierigkeiten wichtige Informationen entnehmen und richtig wiedergeben.;FACH;D;02;03
#D32.03=$Vorname$ kann auch längere Texte weitgehend fehlerfrei abschreiben.;FACH;D;02;03
#D32.04=$Vorname$ ist fähig Merkhilfenund Regeln richtig anzuwenden. ;FACH;D;02;03
#D32.05=$Vorname$ Rechschreibleistung ist (in der Regel) beständig und meistens fehlerfrei.;FACH;D;02;03
#D32.06=Gelernte Rechtschreibregeln kann $Vorname$ schon recht sicher anwenden. ;FACH;D;02;03
#D32.07=Beim Schreiben wendet $Vorname$ die gelernten Rechtschreibregeln an und kann die Texte dadurch meist fehlerfrei aufschreiben. ;FACH;D;02;03
#D32.08=$Vorname$ kann meist die Rechtschreibung in &seinen%ihren& Texten mit dem Wörterbuch/PC überprüfen. ;FACH;D;02;03
#D32.09=$Vorname$ nutzt Überarbeitungsmöglichkeiten (Wörterbuch/PC).;FACH;D;02;03
#D32.10=$Vorname$ ist oft in der Lage, sich zu den unterrichtlichen Themen klar und zusammenhängend auszudrücken und Beiträge anderer themenbezogen aufzugreifen.;FACH;D;02;03
#D32.11=An Klassengesprächen nimmt $Vorname$ regelmäßig teil und kann Gespräche häufig anregen und bereichern. ;FACH;D;02;03
#D32.12=Im Unterricht verfügt $Vorname$ über ein großes Wissen und über einen altersgemäßen Wortschatz.;FACH;D;02;03
#D32.13=$Vorname$ hat Freude daran, eigene Schreibideen zu entwickeln und Texte unter Berücksichtigung erarbeiteter Schreibkriterien selbständig und immer sicherer zu verfassen. ;FACH;D;02;03
#D33.01=$Vorname$ liest geübte Texte nahezu flüssig, doch fehlt es &ihm%ihr& noch an Geläufigkeit und Ausdruckskraft. ;FACH;D;03;03
#D33.02=Es gelingt &ihm%ihr& in der Regel, Informationen, die direkt im Text stehen, zu verstehen und wiederzugeben. ;FACH;D;03;03
#D33.03=Nicht immer erfasst &er%sie& jedoch Sinnzusammenhänge und weitergehende Informationen, die indirekt im Text stehen.;FACH;D;03;03
#D33.04=Geübte Texte/Lernwörter schreibt $Vorname$ noch mit wechselnder Fehlerzahl ab.;FACH;D;03;03
#D33.05=Geübte Texte/Lernwörter schreibt $Vorname$ meist nicht (ganz) fehlerfrei. ;FACH;D;03;03
#D33.06=Einige Texte schreibt $Vorname$ teilweise rechtschriftlich sicher auf, indem &er%sie& manche grundlegenden Regeln der Rechtschreibung berücksichtigt ;FACH;D;03;03
#D33.07=$Vorname$ ist nicht immer in der Lage, Merkhilfen und Rechtschreibregeln richtig anzuwenden.;FACH;D;03;03
#D33.08=$Vorname$ beginnt in der Rechtschreibung ein Regelwissen aufzubauen und wendet einfache Regeln an.;FACH;D;03;03
#D33.09=Im Bereich Rechtschreiben gewinnt $Vorname$ zunehmend an Sicherheit. ;FACH;D;03;03
#D33.10=$Vorname$ nutzt zunehmend Überarbeitunsmöglichkeit (Wörterbuch/Pc).;FACH;D;03;03
#D33.11=$Vorname$ kennt grundlegende Regelungen der Rechtschreibung und nutzt sie zunehmend.;FACH;D;03;03
#D33.12=$Vorname$ ist in der Lage, sich zu den unterrichtlichen Themen klar und zusammenhängend auszudrücken und Beiträge anderer themenbezogen aufzugreifen.;FACH;D;03;03
#D33.13=An Klassengesprächen nimmt $Vorname$ teil und kann Gespräche anregen und bereichern.;FACH;D;03;03
#D33.14=$Vorname$ hat Freude daran, eigene Schreibideen zu entwickeln und kleine Texte unter Berücksichtigung erarbeiteter Schreibkriterien immer selbständiger zu verfassen. ;FACH;D;03;03
#D33.15=$Vorname$ gewinnt zunehmend mehr Sicherheit darin, richtige und vollständige Sätze zu formulieren, Satzgrenzen einzuhalten und passendes Wortmaterial zu finden. ;FACH;D;03;03
#D34.01=$Vorname$ muss auch weiterhin üben, um mehr Geläufigkeit und ein schnelleres Lesetempo zu erreichen. ;FACH;D;04;03
#D34.02=Es gelingt &ihm%ihr& in der Regel nur, Informationen, die direkt im Text stehen, zu verstehen und wiederzugeben. ;FACH;D;04;03
#D34.03=Zum Gelesenen kann &er%sie& sich nicht immer nachvollziehbar äußern.;FACH;D;04;03
#D34.04=$Vorname$ unterlaufen beim Abschreiben von Texten/Lernwörtern noch zu viele Fehler. ;FACH;D;04;03
#D34.05=$Vorname$ Rechtschreibleistung ist noch nicht gefestigt.;FACH;D;04;03
#D34.06=Da $Vorname$ gelernte Rechtschreibregeln kaum anwenden und die Wortarten noch nicht sicher unterscheiden kann, unterlaufen &ihm%ihr& noch viele Fehler.;FACH;D;04;03
#D34.07=Es gelingt $Vorname$ zwar schon häufiger gelernte Rechtschreibregeln anzuwenden, jedoch ist &sein%ihr& Regelbewusstsein noch nicht gefestigt.;FACH;D;04;03
#D34.08=$Vorname$ kennt grundlegende Regeln der Rechtschreibung, hat aber noch Mühe diese anzuwenden.;FACH;D;04;03
#D34.09=$Vorname$ erfasst einige Regeln zur Rechtschreibung, wendet diese aber noch zu selten an.;FACH;D;04;03
#D34.10=$Vorname$ kann Wörter/Texte im Hinblick auf die Rechtschreibung noch nicht selbständig überprüfen (Wörterbuch/Pc).;FACH;D;04;03
#D34.11=$Vorname$ ist teilweise in der Lage, sich zu den unterrichtlichen Themen zunehmend verständlich zu äußern und Beiträge anderer themenbezogen aufzugreifen.;FACH;D;04;03
#D34.12=Mit wechselnder Anstrengungsbereitschaft nimmt $Vorname$ an Klassengesprächen teil und kann Gespräche teilweise anregen und bereichern.;FACH;D;04;03
#D34.13=$Vorname$ ist bemüht, eigene Schreibideen zu entwickeln und kleine Texte unter Berücksichtigung erarbeiteter Schreibkriterien zu verfassen.;FACH;D;04;03
#D34.14=$Vorname$ benötigt beim Verfassen von Texten unter Berücksichtigung erarbeiteter Schreibkriterien gelegentlich noch Unterstützung. ;FACH;D;04;03
#D34.15=Dabei gewinnt $Vorname$ zunehmend mehr Sicherheit darin, vollständige Sätze zu formulieren, auf Satzgrenzen zu achten und passendes Wortmaterial zu finden. ;FACH;D;04;03
#D35.01=$Vorname$ kann nur sehr wenige Wörter des Grundwortschatzes sicher schreiben.;FACH;D;05;03
#D35.02=$Vorname$ kann noch nicht methodisch sinnvoll und korrekt abschreiben.;FACH;D;05;03
#D35.03=Merkhilfen und Rechtschreibregeln kann $Vorname$ noch nicht anwenden.;FACH;D;05;03
#D35.04=$Vorname$ erfasst wenige Regeln zur Rechtschreibung, wendet diese noch zu selten an. ;FACH;D;05;03
#D35.05=Überarbeitungsmöglichkeiten (Wörterbuch/PC) kann $Vorname$ noch nicht nutzen.;FACH;D;05;03
#D35.06=$Vorname$ kennt grundlegende Regelungen der Rechtschreibung nur (sehr) unvollständig. ;FACH;D;05;03
#E11.01=$Vorname$ versteht häufig gehörte einfache Aufforderungen und Erklärungen im Unterrichtsgeschehen und kann auch Hörtexte, Lieder und Reime mit bekanntem Wortschatz verstehen.;FACH;E;01;E1
#E11.02=$Vorname$ kann Gegenstände, Bilder und pantomimisch dargestellte Aktionen benennen und sich in vertrauten Gesprächssituationen mit Hilfe einfacher geübter Strukturen und häufig genutzter Frage- und Aussagesätze situationsgerecht verständigen.;FACH;E;01;E1
#E11.03=$Vorname$ kann bekannte Wörter bzw. Sätze im Schriftbild wiedererkennen und &sein%ihr& Verstehen durch entsprechende Reaktionen zeigen (z.B. Bild/Satz-Wort-Zuordnung).;FACH;E;01;E1
#E11.04=$Vorname$ kann Wörter und einfache Sätze abschreiben und diese Bildern bzw. Gegenständen zuordnen.;FACH;E;01;E1
#E11.05=$Vorname$ hat sogleich einen sehr guten Zugang zur englischen Sprache gefunden.;FACH;E;01;E1
#E11.06=&Er%Sie& arbeitet sehr interessiert und motiviert im Englischunterricht mit.;FACH;E;01;E1
#E11.07=$Vorname$ kann alle durch Gestik und Mimik gestützten Anweisungen der Lehrkraft verstehen.;FACH;E;01;E1
#E12.01=$Vorname$ versteht meist häufig gehörte einfache Aufforderungen und Erklärungen im Unterrichtsgeschehen und kann meist auch Hörtexte, Lieder und Reime mit bekanntem Wortschatz verstehen.;FACH;E;02;E1
#E12.02=$Vorname$ kann meist Gegenstände, Bilder und pantomimisch dargestellte Aktionen benennen und sich in vertrauten Gesprächssituationen meist mit Hilfe einfacher geübter Strukturen und häufig genutzter Frage- und Aussagesätze situationsgerecht verständigen.;FACH;E;02;E1
#E12.03=$Vorname$ kann meist bekannte Wörter bzw. Sätze im Schriftbild wiedererkennen und &sein%ihr& Verstehen durch entsprechende Reaktionen zeigen (z.B. Bild/Satz-Wort-Zuordnung).;FACH;E;02;E1
#E12.04=$Vorname$ kann Wörter und einfache Sätze abschreiben und diese meist richtig Bildern bzw. Gegenständen zuordnen.;FACH;E;02;E1
#E12.05=&Er%Sie& arbeitet (nach wie vor) sehr interessiert und motiviert im Englischunterricht mit.;FACH;E;02;E1
#E12.06=Den eingeführten Wortschatz und die bekannten Redemittel wendet $Vorname$ an.;FACH;E;02;E1
#E12.07=&Er%Sie& kann immer wiederkehrende Classroom-Phrases, Wörter und Wortfolgen immer verstehen und umsetzen.;FACH;E;02;E1
#E12.08=$Vorname$ erkennt vertraute Wörter anhand des Schriftbildes wieder und kann sie Piktogrammen zuordnen.;FACH;E;02;E1
#E13.01=$Vorname$ versteht in der Regel häufig gehörte einfache Aufforderungen und Erklärungen im Unterrichtsgeschehen und kann in der Regel auch Hörtexte, Lieder und Reime mit bekanntem Wortschatz verstehen.;FACH;E;03;E1
#E13.02=$Vorname$ kann in der Regel bekannte Wörter bzw. Sätze im Schriftbild wiedererkennen und &sein%ihr& Verstehen durch entsprechende Reaktionen zeigen (z.B. Bild/Satz-Wort-Zuordnung).;FACH;E;03;E1
#E13.03=$Vorname$ kann Wörter und einfache Sätze abschreiben und diese in der Regel richtig Bildern bzw. Gegenständen zuordnen.;FACH;E;03;E1
#E13.04=$Vorname$ zeigt durchgehend (sehr) großes Interesse am Sprachenlernen.;FACH;E;03;E1
#E13.05=Aufmerksam beteiligt &Er%Sie& sich am Englischunterricht und folgt sehr engagiert dem Classroom-Discourse.;FACH;E;03;E1
#E13.06= Zu vertrauten Themen erliest $Vorname$ kurze Sätze und ergänzt diese schon sicher schriftlich aus vorgegebenen Satzbausteinen.;FACH;E;03;E1
#E14.01=$Vorname$ versteht teilweise häufig gehörte einfache Aufforderungen und Erklärungen im Unterrichtsgeschehen und kann manchmal auch Hörtexte, Lieder und Reime mit bekanntem Wortschatz verstehen.;FACH;E;04;E1
#E14.02=$Vorname$ kann teilweise bekannte Wörter bzw. Sätze im Schriftbild wiedererkennen und &sein%ihr& Verstehen durch entsprechende Reaktionen zeigen (z.B. Bild/Satz-Wort-Zuordnung).;FACH;E;04;E1
#E14.03=$Vorname$ kann Wörter und einfache Sätze abschreiben und diese teilweise richtig Bildern bzw. Gegenständen zuordnen.;FACH;E;04;E1
#E14.04=&Er%Sie& zeigt durchgehend (sehr) großes Interesse am Sprachenlernen.;FACH;E;04;E1
#E14.05=$Vorname$ arbeitet (nach wie vor) sehr interessiert und engagiert im Englischunterricht mit.;FACH;E;04;E1
#E14.06=&Er%Sie& hat ein sehr gutes Hörverständnis in der englischen Sprache entwickelt und versteht ;FACH;E;04;E1
#E14.07=Sicher versteht $Vorname$ lesend Wörter, Sätze und kurze Texte.;FACH;E;04;E1
#E14.08=&Er%Sie& schreibt Sätze und Texte nach Vorlage stets richtig.;FACH;E;04;E1
#E14.09=$Vorname$ zeigt eigenständige Versuche, mit der englischen Sprache zu experimentieren.;FACH;E;04;E1
#E14.10=&Er%Sie& zeigt eigenständige Versuche, die englische Sprache auch über die behandelten Themen hinaus einzusetzen.;FACH;E;04;E1
#E14.11=$Vorname$ ist in der Lage, mit Hilfe vorgegebener Satzelemente selbstständig kurze Sätze/ Texte zu bilden.;FACH;E;04;E1
#E14.12=Auch komplexere Hörtexte und Äußerungen mit vertrautem Wortschatz kann &Er%Sie& sehr sicher verstehen und ihnen Informationene entnehmen.;FACH;E;04;E1
#E21.01=$Vorname$ versteht häufig gehörte einfache Aufforderungen und Erklärungen im Unterrichtsgeschehen und kann auch Hörtexte, Lieder und Reime mit bekanntem Wortschatz verstehen.;FACH;E;01;E2
#E21.02=$Vorname$ kann Gegenstände, Bilder und pantomimisch dargestellte Aktionen benennen und sich in vertrauten Gesprächssituationen mit Hilfe einfacher geübter Strukturen und häufig genutzter Frage- und Aussagesätze situationsgerecht verständigen.;FACH;E;01;E2
#E21.03=$Vorname$ kann bekannte Wörter bzw. Sätze im Schriftbild wiedererkennen und &sein%ihr& Verstehen durch entsprechende Reaktionen zeigen (z.B. Bild/Satz-Wort-Zuordnung).;FACH;E;01;E2
#E21.04=$Vorname$ kann Wörter und einfache Sätze abschreiben und diese Bildern bzw. Gegenständen zuordnen.;FACH;E;01;E2
#E21.05=&Er%Sie& hat sogleich einen guten Zugang zur englischen Sprache gefunden.;FACH;E;01;E2
#E21.06=$Vorname$ arbeitet interessiert und meist motiviert im Englischunterricht mit.;FACH;E;01;E2
#E21.07=&Er%Sie& kann viele durch Gestik und Mimik  gestützten Anweisungen der Lehrkraft verstehen.;FACH;E;01;E2
#E22.01=$Vorname$ versteht meist häufig gehörte einfache Aufforderungen und Erklärungen im Unterrichtsgeschehen und kann meist auch Hörtexte, Lieder und Reime mit bekanntem Wortschatz verstehen.;FACH;E;02;E2
#E22.02=$Vorname$ kann meist Gegenstände, Bilder und pantomimisch dargestellte Aktionen benennen und sich in vertrauten Gesprächssituationen meist mit Hilfe einfacher geübter Strukturen und häufig genutzter Frage- und Aussagesätze situationsgerecht verständigen.;FACH;E;02;E2
#E22.03=$Vorname$ kann meist bekannte Wörter bzw. Sätze im Schriftbild wiedererkennen und &sein%ihr& Verstehen durch entsprechende Reaktionen zeigen (z.B. Bild/Satz-Wort-Zuordnung).;FACH;E;02;E2
#E22.04=$Vorname$ kann Wörter und einfache Sätze abschreiben und diese meist richtig Bildern bzw. Gegenständen zuordnen.;FACH;E;02;E2
#E22.05=&Er%Sie& arbeitet (nach wie vor) interessiert und meist motiviert im Englischunterricht mit.;FACH;E;02;E2
#E22.06=Den eingeführten Wortschatz und die bekannten Redemittel wendet $Vorname$ überwiegend sicher an.;FACH;E;02;E2
#E22.07=&Er%Sie& kann immer wiederkehrende Classroom-Phrases, Wörter und Wortfolgen oft verstehen und umsetzen.;FACH;E;02;E2
#E22.08=$Vorname$ erkennt meist vertraute Wörter anhand des Schriftbildes wieder und kann sie Piktogrammen zuordnen.;FACH;E;02;E2
#E23.01=$Vorname$ versteht in der Regel häufig gehörte einfache Aufforderungen und Erklärungen im Unterrichtsgeschehen und kann in der Regel auch Hörtexte, Lieder und Reime mit bekanntem Wortschatz verstehen.;FACH;E;03;E2
#E23.02=$Vorname$ kann in der Regel bekannte Wörter bzw. Sätze im Schriftbild wiedererkennen und &sein%ihr& Verstehen durch entsprechende Reaktionen zeigen (z.B. Bild/Satz-Wort-Zuordnung).;FACH;E;03;E2
#E23.03=$Vorname$ kann Wörter und einfache Sätze abschreiben und diese in der Regel richtig Bildern bzw. Gegenständen zuordnen.;FACH;E;03;E2
#E23.04=&Er%Sie& entwickelt/ zeigt mehr und mehr/ förderhin/ weiterhin Interesse am Sprachenlernen.;FACH;E;03;E2
#E23.05=Aufmerksam beteiligt sich $Vorname$  am Englischunterricht und folgt engagiert dem Classroom-Discourse.;FACH;E;03;E2
#E23.06=Zu vertrauten Themen erliest &Er%Sie&  kurze Sätze und ergänzt diese zunehmend sicher schriftlich aus vorgegebenen Satzbausteinen.;FACH;E;03;E2
#E24.01=$Vorname$ versteht teilweise häufig gehörte einfache Aufforderungen und Erklärungen im Unterrichtsgeschehen und kann manchmal auch Hörtexte, Lieder und Reime mit bekanntem Wortschatz verstehen.;FACH;E;04;E2
#E24.02=$Vorname$ kann teilweise bekannte Wörter bzw. Sätze im Schriftbild wiedererkennen und &sein%ihr& Verstehen durch entsprechende Reaktionen zeigen (z.B. Bild/Satz-Wort-Zuordnung).;FACH;E;04;E2
#E24.03=$Vorname$ kann Wörter und einfache Sätze abschreiben und diese teilweise richtig Bildern bzw. Gegenständen zuordnen.;FACH;E;04;E2
#E24.04=$Vorname$ arbeitet (nach wie vor) interessiert und meist engagiert im Englischunterricht mit.;FACH;E;04;E2
#E24.05=&Er%Sie& hat ein gutes Hörverständnis in der englischen Sprache entwickelt und versteht gelernte Wörter, Wendungen und Sätze, die sie/er oft richtig einsetzt.;FACH;E;04;E2
#E24.06=$Vorname$ Überwiegend versteht X lesend Wörter, Sätze und kurze Texte.;FACH;E;04;E2
#E24.07=&Er%Sie& schreibt Sätze und Texte nach Vorlage richtig.;FACH;E;04;E2
#E33.01=$Vorname$ versteht Aufforderungen und Erklärungen im Unterrichtsgeschehen und kann auch kindgemäße Geschichten und Sachtexte mit bekanntem Wortschatz verstehen.;FACH;E;03;03
#E33.02=$Vorname$ versteht Aufforderungen und Erklärungen im Unterrichtsgeschehen und kann meist auch kindgemäße Geschichten und Sachtexte mit bekanntem Wortschatz verstehen.;FACH;E;03;03
#E33.03=$Vorname$ versteht Aufforderungen und Erklärungen im Unterrichtsgeschehen und kann in der Regel auch kindgemäße Geschichten und Sachtexte mit bekanntem Wortschatz verstehen.;FACH;E;03;03
#E33.04=$Vorname$ versteht einfache Aufforderungen und Erklärungen im Unterrichtsgeschehen und kann teilweise auch kindgemäße Geschichten und Sachtexte mit bekanntem Wortschatz verstehen.;FACH;E;03;03
#E33.05=$Vorname$ beteiligt sich aktiv und interessiert an Unterrichtsgesprächen und kann sich in vertrauten Gesprächssituationen mit formelhaften Wendungen zunehmend selbstständig mit einfachen Sätzen mitteilen sowie eigene mündliche Mitteilungen formulieren.;FACH;E;03;03
#E33.06=$Vorname$ beteiligt sich meist aktiv an Unterrichtsgesprächen und kann sich in vertrauten Gesprächssituationen mit formelhaften Wendungen zunehmend selbstständig mit einfachen Sätzen mitteilen sowie eigene mündliche Mitteilungen formulieren.;FACH;E;03;03
#E33.07=$Vorname$ beteiligt sich regelmäßig an Unterrichtsgesprächen und kann sich in vertrauten Gesprächssituationen mit formelhaften Wendungen zunehmend selbstständig mit einfachen Sätzen mitteilen sowie eigene mündliche Mitteilungen formulieren.;FACH;E;03;03
#E33.08=$Vorname$ beteiligt sich kaum an Unterrichtsgesprächen und kann sich nur teilweise in vertrauten Gesprächssituationen mit formelhaften Wendungen und einfachen Sätzen mitteilen.;FACH;E;03;03
#E33.09=$Vorname$ kann Sätze bzw. kurze Texte mit bekanntem Wortschatz sinnentnehmend lesen und verstehen und &sein%ihr& Verstehen durch entsprechende Reaktionen zeigen.;FACH;E;03;03
#E33.10=$Vorname$ kann Sätze bzw. kurze Texte mit bekanntem Wortschatz meist sinnentnehmend lesen und verstehen und &sein%ihr& Verstehen durch entsprechende Reaktionen zeigen.;FACH;E;03;03
#E33.11=$Vorname$ kann Sätze bzw. kurze Texte mit bekanntem Wortschatz in der Regel sinnentnehmend lesen und verstehen und &sein%ihr& Verstehen durch entsprechende Reaktionen zeigen.;FACH;E;03;03
#E33.12=$Vorname$ kann Sätze bzw. kurze Texte mit bekanntem Wortschatz teilweise sinnentnehmend lesen und verstehen und &sein%ihr& Verstehen durch entsprechende Reaktionen zeigen.;FACH;E;03;03
#E33.13=$Vorname$ kann kurze, einfach strukturierte Texte mit Hilfe von Textbausteinen und vorgegebenem bekanntem Wortmaterial schreiben und einfache Notizen anfertigen.;FACH;E;03;03
#E33.14=$Vorname$ kann meist kurze, einfach strukturierte Texte mit Hilfe von Textbausteinen und vorgegebenem bekanntem Wortmaterial schreiben und einfache Notizen anfertigen.;FACH;E;03;03
#E33.15=$Vorname$ kann in der Regel kurze, einfach strukturierte Texte mit Hilfe von Textbausteinen und vorgegebenem bekanntem Wortmaterial schreiben und einfache Notizen anfertigen.;FACH;E;03;03
#E33.16=$Vorname$ kann teilweise kurze, einfach strukturierte Texte mit Hilfe von Textbausteinen und vorgegebenem bekanntem Wortmaterial schreiben und einfache Notizen anfertigen.;FACH;E;03;03
#E33.17=$Vorname$ lässt sich auf die Fremdsprache ein.;FACH;E;03;03
#E33.18=&Er%Sie& arbeitet in der Regel interessiert und motiviert im Englischunterricht mit.;FACH;E;03;03
#E33.19=$Vorname$ kann in der Regel/ zunehmend durch Gestik und Mimik gestützten Anweisungen der Lehrkraft verstehen.;FACH;E;03;03
#E33.20=&Er%Sie& arbeitet (in der Regel) interessiert und motiviert im Englischunterricht mit.;FACH;E;03;03
#E33.21=Den eingeführten Wortschatz und die bekannten Redemittel wendet $Vorname$ schon häufig richtig an.;FACH;E;03;03
#E33.22=$Vorname$ kann immer wiederkehrende Classroom-Phrases, Wörter und Wortfolgen manchmal verstehen und umsetzen.;FACH;E;03;03
#E33.23=&Er%Sie& erkennt in der Regel vertraute Wörter anhand des Schriftbildes wieder und kann sie Pictogrammen zuordnen.;FACH;E;03;03
#E33.24=Aufmerksam folgt &Er%Sie&  dem Classroom-Discourse, verhält sich jedoch eher passiv.;FACH;E;03;03
#E33.25=Zu vertrauten Themen erliest $Vorname$ kurze Sätze und ergänzt diese manchmal schon schriftlich aus vorgegebenen Satzbausteinen.;FACH;E;03;03
#E33.26=$Vorname$ arbeitet (in der Regel) interessiert und engagiert im Englischunterricht mit.;FACH;E;03;03
#E33.27=&Er%Sie& hat ein recht gutes Hörverständnis in der englischen Sprache entwickelt und versteht gelernte Wörter, Wendungen und Sätze, die sie/er teilweise richtig einsetzt.;FACH;E;03;03
#E33.28=Nach einiger Übung versteht $Vorname$ lesend Wörter, Sätze und kurze Texte.;FACH;E;03;03
#E33.29=&Er%Sie& schreibt Sätze und Texte nach Vorlage meist richtig.;FACH;E;03;03
#E44.01=&Er%Sie& lässt sich zögerlich auf die Fremdsprache ein.;FACH;E;04;04
#E44.02=$Vorname$ arbeitet nicht immer aufmerksam und zurückhaltend im Englischunterricht mit;FACH;E;04;04
#E44.03=$Vorname$ kann noch nicht immer durch Gestik und Mimik gestützte Anweisungen der Lehrkraft verstehen. / Kann gelegentlich / manchmal;FACH;E;04;04
#E44.04=Das Interesse am Sprachenlernen ist ansatzweise erkennbar.;FACH;E;04;04
#E44.05=$Vorname$ zeigt wenig Interesse am Sprachenlernen. ;FACH;E;04;04
#E44.06=Wenig aufmerksam und eher passiv beteiligt sich &Er%Sie&  am Englischunterricht und folgt dem Classroom-Discourse eher zurückhaltend.;FACH;E;04;04
#E44.07=Zu vertrauten Themen erliest $Vorname$  kurze Sätze und ergänzt diese mit zusätzlicher Hilfe schriftlich aus vorgegebenen Satzbausteinen.;FACH;E;04;04
#E44.08=&Er%Sie& setzt Arbeitsanweisungen nur mit Hilfe um.;FACH;E;04;04
#E44.09=$Vorname$ arbeitet nicht immer aufmerksam und zurückhaltend im Englischunterricht mit.;FACH;E;04;04
#E44.10=&Er%Sie& entwickelt zunehmend ein gutes Hörverständnis in der englischen Sprache und versteht gelernte Wörter, Wendungen und Sätze, die sie/er richtig einsetzt.;FACH;E;04;04
#E44.11=$Vorname$ ist noch nicht immer in der Lage, lesend Wörter, Sätze und kurze Texte zu verstehen.;FACH;E;04;04
#E44.12=&Er%Sie& schreibt Sätze und Texte nur mit Hilfe richtig ab.;FACH;E;04;04
#ER10.01=$Vorname$ bereichert den Unterricht immer wieder mit treffenden Beiträgen.;FACH;ER;00;E1
#ER11.01=&Er%Sie& beteiligt sich sehr aktiv am Unterricht.;FACH;ER;01;E1
#ER11.02=$Vorname$ bereichert den Unterricht oft mit treffenden Beiträgen;FACH;ER;01;E1
#ER11.03=&Er%Sie& hört Erzählungen stets aufmerksam zu und kann Handlungsabläufe folgerichtig nacherzählen.;FACH;ER;01;E1
#ER11.04=Es gelingt &ihm%ihr& meist, Zusammenhänge zwischen religiösen Fragestellungen und eigenen Erfahrungen herzustellen.;FACH;ER;01;E1
#ER11.05=$Vorname$ gestaltet &seine%ihre& Arbeiten im Religionsheft(er) mit großer Sorgfalt.;FACH;ER;01;E1
#ER11.06=&Er%Sie& zeigt große Freude und Einfallsreichtum bei gestalterischen Aufgaben oder Rollenspielen.;FACH;ER;01;E1
#ER11.07=$Vorname$ zeigt eine besondere Stärke in folgendem Bereich (einfügen);FACH;ER;01;E1
#ER12.01=$Vorname$ setzt sich meist interessiert mit den Themen des RU auseinander.;FACH;ER;02;E1
#ER12.02=&Er%Sie& beteiligt sich engagiert am Unterricht.;FACH;ER;02;E1
#ER12.03=&Er%Sie& hört Erzählungen meist aufmerksam zu und kann Handlungsabläufe überwiegend folgerichtig nacherzählen.;FACH;ER;02;E1
#ER12.04=Es gelingt &ihm%ihr& oft, Zusammenhänge zwischen religiösen Fragestellungen und eigenen Erfahrungen herzustellen.;FACH;ER;02;E1
#ER12.05=$Vorname$ gestaltet &seine%ihre& Arbeiten im Religionsheft(er) mit Sorgfalt.;FACH;ER;02;E1
#ER12.06=&Er%Sie& zeigt meist Freude und Einfallsreichtum bei gestalterischen Aufgaben oder Rollenspielen.;FACH;ER;02;E1
#ER12.07=$Vorname$ zeigt eine Stärke in folgendem Bereich (einfügen);FACH;ER;02;E1
#ER13.01=$Vorname$ setzt sich teilweise interessiert mit den Themen des RU auseinander.;FACH;ER;03;E1
#ER13.02=&Er%Sie& beteiligt sich gelegentlich am Unterricht.;FACH;ER;03;E1
#ER13.03=&Er%Sie& hört Erzählungen meistens zu und kann Handlungsabläufe teilweise folgerichtig nacherzählen.;FACH;ER;03;E1
#ER13.04=Es gelingt &ihm%ihr& manchmal, Zusammenhänge zwischen religiösen Fragestellungen und eigenen Erfahrungen herzustellen.;FACH;ER;03;E1
#ER13.05=$Vorname$ gestaltet &seine%ihre& Arbeiten im Religionsheft(er) mit wenig Sorgfalt;FACH;ER;03;E1
#ER13.06=&Er%Sie& zeigt manchmal Freude und Einfallsreichtum bei gestalterischen Aufgaben oder Rollenspielen.;FACH;ER;03;E1
#ER13.07=$Vorname$ zeigt eine Stärke in folgendem Bereich (einfügen);FACH;ER;03;E1
#ER14.01=$Vorname$ setzt sich wenig interessiert mit den Themen des RU auseinander.;FACH;ER;04;E1
#ER14.02=&Er%Sie& beteiligt sich kaum am Unterricht.;FACH;ER;04;E1
#ER14.03=&Er%Sie& hört Erzählungen selten aufmerksam zu und kann Handlungsabläufe nur teilweise folgerichtig nacherzählen.;FACH;ER;04;E1
#ER14.04=Es gelingt &ihm%ihr& selten, Zusammenhänge zwischen religiösen Fragestellungen und eigenen Erfahrungen herzustellen.;FACH;ER;04;E1
#ER14.05=$Vorname$ gestaltet &seine%ihre& Arbeiten im Religionsheft(er) mit wenig Sorgfalt.;FACH;ER;04;E1
#ER14.06=&Er%Sie& zeigt wenig Freude und Einfallsreichtum bei gestalterischen Aufgaben oder Rollenspielen.;FACH;ER;04;E1
#ER14.07=$Vorname$ zeigt eine Stärke in folgendem Bereich (einfügen);FACH;ER;04;E1
#ER21.01=&Er%Sie& beteiligt sich sehr aktiv am Unterricht.;FACH;ER;01;E2
#ER21.02=$Vorname$ bereichert den Unterricht oft mit treffenden Beiträgen;FACH;ER;01;E2
#ER21.03=&Er%Sie& hört Erzählungen stets aufmerksam zu und kann Handlungsabläufe folgerichtig nacherzählen.;FACH;ER;01;E2
#ER21.04=Es gelingt &ihm%ihr& meist, Zusammenhänge zwischen religiösen Fragestellungen und eigenen Erfahrungen herzustellen.;FACH;ER;01;E2
#ER21.05=$Vorname$ gestaltet &seine%ihre& Arbeiten im Religionsheft(er) mit großer Sorgfalt.;FACH;ER;01;E2
#ER21.06=&Er%Sie& zeigt große Freude und Einfallsreichtum bei gestalterischen Aufgaben oder Rollenspielen.;FACH;ER;01;E2
#ER21.07=$Vorname$ zeigt eine besondere Stärke in folgendem Bereich (einfügen);FACH;ER;01;E2
#ER22.01=$Vorname$ setzt sich meist interessiert mit den Themen des RU auseinander.;FACH;ER;02;E2
#ER22.02=&Er%Sie& beteiligt sich engagiert am Unterricht.;FACH;ER;02;E2
#ER22.03=$Vorname$ bereichert den Unterricht immer wieder mit treffenden Beiträgen.;FACH;ER;02;E2
#ER22.04=&Er%Sie& hört Erzählungen meist aufmerksam zu und kann Handlungsabläufe überwiegend folgerichtig nacherzählen.;FACH;ER;02;E2
#ER22.05=Es gelingt &ihm%ihr& oft, Zusammenhänge zwischen religiösen Fragestellungen und eigenen Erfahrungen herzustellen.;FACH;ER;02;E2
#ER22.06=$Vorname$ gestaltet &seine%ihre& Arbeiten im Religionsheft(er) mit Sorgfalt.;FACH;ER;02;E2
#ER22.07=&Er%Sie& zeigt meist Freude und Einfallsreichtum bei gestalterischen Aufgaben oder Rollenspielen.;FACH;ER;02;E2
#ER22.08=$Vorname$ zeigt eine Stärke in folgendem Bereich (einfügen);FACH;ER;02;E2
#ER23.01=$Vorname$ setzt sich teilweise interessiert mit den Themen des RU auseinander.;FACH;ER;03;E2
#ER23.02=&Er%Sie& beteiligt sich gelegentlich am Unterricht.;FACH;ER;03;E2
#ER23.03=&Er%Sie& hört Erzählungen meistens zu und kann Handlungsabläufe teilweise folgerichtig nacherzählen.;FACH;ER;03;E2
#ER23.04=Es gelingt &ihm%ihr& manchmal, Zusammenhänge zwischen religiösen Fragestellungen und eigenen Erfahrungen herzustellen.;FACH;ER;03;E2
#ER23.05=$Vorname$ gestaltet &seine%ihre& Arbeiten im Religionsheft(er) mit wenig Sorgfalt;FACH;ER;03;E2
#ER23.06=&Er%Sie& zeigt manchmal Freude und Einfallsreichtum bei gestalterischen Aufgaben oder Rollenspielen.;FACH;ER;03;E2
#ER23.07=$Vorname$ zeigt eine Stärke in folgendem Bereich (einfügen);FACH;ER;03;E2
#ER24.01=$Vorname$ setzt sich wenig interessiert mit den Themen des RU auseinander.;FACH;ER;04;E2
#ER24.02=&Er%Sie& beteiligt sich kaum am Unterricht.;FACH;ER;04;E2
#ER24.03=&Er%Sie& hört Erzählungen selten aufmerksam zu und kann Handlungsabläufe nur teilweise folgerichtig nacherzählen.;FACH;ER;04;E2
#ER24.04=Es gelingt &ihm%ihr& selten, Zusammenhänge zwischen religiösen Fragestellungen und eigenen Erfahrungen herzustellen.;FACH;ER;04;E2
#ER24.05=$Vorname$ gestaltet &seine%ihre& Arbeiten im Religionsheft(er) mit wenig Sorgfalt.;FACH;ER;04;E2
#ER24.06=&Er%Sie& zeigt wenig Freude und Einfallsreichtum bei gestalterischen Aufgaben oder Rollenspielen.;FACH;ER;04;E2
#ER24.07=$Vorname$ zeigt eine Stärke in folgendem Bereich (einfügen);FACH;ER;04;E2
#ER33.01=&Er%Sie& beteiligt sich sehr aktiv am Unterricht.;FACH;ER;03;03
#ER33.02=$Vorname$ bereichert den Unterricht oft mit treffenden Beiträgen;FACH;ER;03;03
#ER33.03=&Er%Sie& hört Erzählungen stets aufmerksam zu und kann Handlungsabläufe folgerichtig nacherzählen.;FACH;ER;03;03
#ER33.04=Es gelingt &ihm%ihr& meist, Zusammenhänge zwischen religiösen Fragestellungen und eigenen Erfahrungen herzustellen.;FACH;ER;03;03
#ER33.05=$Vorname$ gestaltet &seine%ihre& Arbeiten im Religionsheft(er) mit großer Sorgfalt.;FACH;ER;03;03
#ER33.06=&Er%Sie& zeigt große Freude und Einfallsreichtum bei gestalterischen Aufgaben oder Rollenspielen.;FACH;ER;03;03
#ER33.07=$Vorname$ zeigt eine besondere Stärke in folgendem Bereich (einfügen);FACH;ER;03;03
#ER33.08=$Vorname$ setzt sich meist interessiert mit den Themen des RU auseinander.;FACH;ER;03;03
#ER33.09=&Er%Sie& beteiligt sich engagiert am Unterricht.;FACH;ER;03;03
#ER33.10=$Vorname$ bereichert den Unterricht immer wieder mit treffenden Beiträgen.;FACH;ER;03;03
#ER33.11=&Er%Sie& hört Erzählungen meist aufmerksam zu und kann Handlungsabläufe überwiegend folgerichtig nacherzählen.;FACH;ER;03;03
#ER33.12=Es gelingt &ihm%ihr& oft, Zusammenhänge zwischen religiösen Fragestellungen und eigenen Erfahrungen herzustellen.;FACH;ER;03;03
#ER33.13=$Vorname$ gestaltet &seine%ihre& Arbeiten im Religionsheft(er) mit Sorgfalt.;FACH;ER;03;03
#ER33.14=&Er%Sie& zeigt meist Freude und Einfallsreichtum bei gestalterischen Aufgaben oder Rollenspielen.;FACH;ER;03;03
#ER33.15=$Vorname$ zeigt eine Stärke in folgendem Bereich (einfügen);FACH;ER;03;03
#ER33.16=$Vorname$ setzt sich teilweise interessiert mit den Themen des RU auseinander.;FACH;ER;03;03
#ER33.17=&Er%Sie& beteiligt sich gelegentlich am Unterricht.;FACH;ER;03;03
#ER33.18=&Er%Sie& hört Erzählungen meistens zu und kann Handlungsabläufe teilweise folgerichtig nacherzählen.;FACH;ER;03;03
#ER33.19=Es gelingt &ihm%ihr& manchmal, Zusammenhänge zwischen religiösen Fragestellungen und eigenen Erfahrungen herzustellen.;FACH;ER;03;03
#ER33.20=$Vorname$ gestaltet &seine%ihre& Arbeiten im Religionsheft(er) mit wenig Sorgfalt;FACH;ER;03;03
#ER33.21=&Er%Sie& zeigt manchmal Freude und Einfallsreichtum bei gestalterischen Aufgaben oder Rollenspielen.;FACH;ER;03;03
#ER33.22=$Vorname$ zeigt eine Stärke in folgendem Bereich (einfügen);FACH;ER;03;03
#ER33.23=$Vorname$ setzt sich wenig interessiert mit den Themen des RU auseinander.;FACH;ER;03;03
#ER33.24=&Er%Sie& beteiligt sich kaum am Unterricht.;FACH;ER;03;03
#ER33.25=&Er%Sie& hört Erzählungen selten aufmerksam zu und kann Handlungsabläufe nur teilweise folgerichtig nacherzählen.;FACH;ER;03;03
#ER33.26=Es gelingt &ihm%ihr& selten, Zusammenhänge zwischen religiösen Fragestellungen und eigenen Erfahrungen herzustellen.;FACH;ER;03;03
#ER33.27=$Vorname$ gestaltet &seine%ihre& Arbeiten im Religionsheft(er) mit wenig Sorgfalt.;FACH;ER;03;03
#ER33.28=&Er%Sie& zeigt wenig Freude und Einfallsreichtum bei gestalterischen Aufgaben oder Rollenspielen.;FACH;ER;03;03
#ER33.29=$Vorname$ zeigt eine Stärke in folgendem Bereich (einfügen);FACH;ER;03;03
#KR10.01=$Vorname$ bereichert den Unterricht immer wieder mit treffenden Beiträgen.;FACH;KR;00;E1
#KR11.01=&Er%Sie& beteiligt sich sehr aktiv am Unterricht.;FACH;KR;01;E1
#KR11.02=$Vorname$ bereichert den Unterricht oft mit treffenden Beiträgen;FACH;KR;01;E1
#KR11.03=&Er%Sie& hört Erzählungen stets aufmerksam zu und kann Handlungsabläufe folgerichtig nacherzählen.;FACH;KR;01;E1
#KR11.04=Es gelingt &ihm%ihr& meist, Zusammenhänge zwischen religiösen Fragestellungen und eigenen Erfahrungen herzustellen.;FACH;KR;01;E1
#KR11.05=$Vorname$ gestaltet &seine%ihre& Arbeiten im Religionsheft(er) mit großer Sorgfalt.;FACH;KR;01;E1
#KR11.06=&Er%Sie& zeigt große Freude und Einfallsreichtum bei gestalterischen Aufgaben oder Rollenspielen.;FACH;KR;01;E1
#KR11.07=$Vorname$ zeigt eine besondere Stärke in folgendem Bereich (einfügen);FACH;KR;01;E1
#KR12.01=$Vorname$ setzt sich meist interessiert mit den Themen des RU auseinander.;FACH;KR;02;E1
#KR12.02=&Er%Sie& beteiligt sich engagiert am Unterricht.;FACH;KR;02;E1
#KR12.03=&Er%Sie& hört Erzählungen meist aufmerksam zu und kann Handlungsabläufe überwiegend folgerichtig nacherzählen.;FACH;KR;02;E1
#KR12.04=Es gelingt &ihm%ihr& oft, Zusammenhänge zwischen religiösen Fragestellungen und eigenen Erfahrungen herzustellen.;FACH;KR;02;E1
#KR12.05=$Vorname$ gestaltet &seine%ihre& Arbeiten im Religionsheft(er) mit Sorgfalt.;FACH;KR;02;E1
#KR12.06=&Er%Sie& zeigt meist Freude und Einfallsreichtum bei gestalterischen Aufgaben oder Rollenspielen.;FACH;KR;02;E1
#KR12.07=$Vorname$ zeigt eine Stärke in folgendem Bereich (einfügen);FACH;KR;02;E1
#KR13.01=$Vorname$ setzt sich teilweise interessiert mit den Themen des RU auseinander.;FACH;KR;03;E1
#KR13.02=&Er%Sie& beteiligt sich gelegentlich am Unterricht.;FACH;KR;03;E1
#KR13.03=&Er%Sie& hört Erzählungen meistens zu und kann Handlungsabläufe teilweise folgerichtig nacherzählen.;FACH;KR;03;E1
#KR13.04=Es gelingt &ihm%ihr& manchmal, Zusammenhänge zwischen religiösen Fragestellungen und eigenen Erfahrungen herzustellen.;FACH;KR;03;E1
#KR13.05=$Vorname$ gestaltet &seine%ihre& Arbeiten im Religionsheft(er) mit wenig Sorgfalt;FACH;KR;03;E1
#KR13.06=&Er%Sie& zeigt manchmal Freude und Einfallsreichtum bei gestalterischen Aufgaben oder Rollenspielen.;FACH;KR;03;E1
#KR13.07=$Vorname$ zeigt eine Stärke in folgendem Bereich (einfügen);FACH;KR;03;E1
#KR14.01=$Vorname$ setzt sich wenig interessiert mit den Themen des RU auseinander.;FACH;KR;04;E1
#KR14.02=&Er%Sie& beteiligt sich kaum am Unterricht.;FACH;KR;04;E1
#KR14.03=&Er%Sie& hört Erzählungen selten aufmerksam zu und kann Handlungsabläufe nur teilweise folgerichtig nacherzählen.;FACH;KR;04;E1
#KR14.04=Es gelingt &ihm%ihr& selten, Zusammenhänge zwischen religiösen Fragestellungen und eigenen Erfahrungen herzustellen.;FACH;KR;04;E1
#KR14.05=$Vorname$ gestaltet &seine%ihre& Arbeiten im Religionsheft(er) mit wenig Sorgfalt.;FACH;KR;04;E1
#KR14.06=&Er%Sie& zeigt wenig Freude und Einfallsreichtum bei gestalterischen Aufgaben oder Rollenspielen.;FACH;KR;04;E1
#KR14.07=$Vorname$ zeigt eine Stärke in folgendem Bereich (einfügen);FACH;KR;04;E1
#KR20.01=$Vorname$ bereichert den Unterricht immer wieder mit treffenden Beiträgen.;FACH;KR;00;E2
#KR21.01=&Er%Sie& beteiligt sich sehr aktiv am Unterricht.;FACH;KR;01;E2
#KR21.02=$Vorname$ bereichert den Unterricht oft mit treffenden Beiträgen;FACH;KR;01;E2
#KR21.03=&Er%Sie& hört Erzählungen stets aufmerksam zu und kann Handlungsabläufe folgerichtig nacherzählen.;FACH;KR;01;E2
#KR21.04=Es gelingt &ihm%ihr& meist, Zusammenhänge zwischen religiösen Fragestellungen und eigenen Erfahrungen herzustellen.;FACH;KR;01;E2
#KR21.05=$Vorname$ gestaltet &seine%ihre& Arbeiten im Religionsheft(er) mit großer Sorgfalt.;FACH;KR;01;E2
#KR21.06=&Er%Sie& zeigt große Freude und Einfallsreichtum bei gestalterischen Aufgaben oder Rollenspielen.;FACH;KR;01;E2
#KR21.07=$Vorname$ zeigt eine besondere Stärke in folgendem Bereich (einfügen);FACH;KR;01;E2
#KR22.01=$Vorname$ setzt sich meist interessiert mit den Themen des RU auseinander.;FACH;KR;02;E2
#KR22.02=&Er%Sie& beteiligt sich engagiert am Unterricht.;FACH;KR;02;E2
#KR22.03=&Er%Sie& hört Erzählungen meist aufmerksam zu und kann Handlungsabläufe überwiegend folgerichtig nacherzählen.;FACH;KR;02;E2
#KR22.04=Es gelingt &ihm%ihr& oft, Zusammenhänge zwischen religiösen Fragestellungen und eigenen Erfahrungen herzustellen.;FACH;KR;02;E2
#KR22.05=$Vorname$ gestaltet &seine%ihre& Arbeiten im Religionsheft(er) mit Sorgfalt.;FACH;KR;02;E2
#KR22.06=&Er%Sie& zeigt meist Freude und Einfallsreichtum bei gestalterischen Aufgaben oder Rollenspielen.;FACH;KR;02;E2
#KR22.07=$Vorname$ zeigt eine Stärke in folgendem Bereich (einfügen);FACH;KR;02;E2
#KR23.01=$Vorname$ setzt sich teilweise interessiert mit den Themen des RU auseinander.;FACH;KR;03;E2
#KR23.02=&Er%Sie& beteiligt sich gelegentlich am Unterricht.;FACH;KR;03;E2
#KR23.03=&Er%Sie& hört Erzählungen meistens zu und kann Handlungsabläufe teilweise folgerichtig nacherzählen.;FACH;KR;03;E2
#KR23.04=Es gelingt &ihm%ihr& manchmal, Zusammenhänge zwischen religiösen Fragestellungen und eigenen Erfahrungen herzustellen.;FACH;KR;03;E2
#KR23.05=$Vorname$ gestaltet &seine%ihre& Arbeiten im Religionsheft(er) mit wenig Sorgfalt;FACH;KR;03;E2
#KR23.06=&Er%Sie& zeigt manchmal Freude und Einfallsreichtum bei gestalterischen Aufgaben oder Rollenspielen.;FACH;KR;03;E2
#KR23.07=$Vorname$ zeigt eine Stärke in folgendem Bereich (einfügen);FACH;KR;03;E2
#KR24.01=$Vorname$ setzt sich wenig interessiert mit den Themen des RU auseinander.;FACH;KR;04;E2
#KR24.02=&Er%Sie& beteiligt sich kaum am Unterricht.;FACH;KR;04;E2
#KR24.03=&Er%Sie& hört Erzählungen selten aufmerksam zu und kann Handlungsabläufe nur teilweise folgerichtig nacherzählen.;FACH;KR;04;E2
#KR24.04=Es gelingt &ihm%ihr& selten, Zusammenhänge zwischen religiösen Fragestellungen und eigenen Erfahrungen herzustellen.;FACH;KR;04;E2
#KR24.05=$Vorname$ gestaltet &seine%ihre& Arbeiten im Religionsheft(er) mit wenig Sorgfalt.;FACH;KR;04;E2
#KR24.06=&Er%Sie& zeigt wenig Freude und Einfallsreichtum bei gestalterischen Aufgaben oder Rollenspielen.;FACH;KR;04;E2
#KR24.07=$Vorname$ zeigt eine Stärke in folgendem Bereich (einfügen);FACH;KR;04;E2
#KR33.01=&Er%Sie& beteiligt sich sehr aktiv am Unterricht.;FACH;KR;03;03
#KR33.02=$Vorname$ bereichert den Unterricht oft mit treffenden Beiträgen;FACH;KR;03;03
#KR33.03=&Er%Sie& hört Erzählungen stets aufmerksam zu und kann Handlungsabläufe folgerichtig nacherzählen.;FACH;KR;03;03
#KR33.04=Es gelingt &ihm%ihr& meist, Zusammenhänge zwischen religiösen Fragestellungen und eigenen Erfahrungen herzustellen.;FACH;KR;03;03
#KR33.05=$Vorname$ gestaltet &seine%ihre& Arbeiten im Religionsheft(er) mit großer Sorgfalt.;FACH;KR;03;03
#KR33.06=&Er%Sie& zeigt große Freude und Einfallsreichtum bei gestalterischen Aufgaben oder Rollenspielen.;FACH;KR;03;03
#KR33.07=$Vorname$ zeigt eine besondere Stärke in folgendem Bereich (einfügen);FACH;KR;03;03
#KR33.08=$Vorname$ setzt sich meist interessiert mit den Themen des RU auseinander.;FACH;KR;03;03
#KR33.09=&Er%Sie& beteiligt sich engagiert am Unterricht.;FACH;KR;03;03
#KR33.10=$Vorname$ bereichert den Unterricht immer wieder mit treffenden Beiträgen.;FACH;KR;03;03
#KR33.11=&Er%Sie& hört Erzählungen meist aufmerksam zu und kann Handlungsabläufe überwiegend folgerichtig nacherzählen.;FACH;KR;03;03
#KR33.12=Es gelingt &ihm%ihr& oft, Zusammenhänge zwischen religiösen Fragestellungen und eigenen Erfahrungen herzustellen.;FACH;KR;03;03
#KR33.13=$Vorname$ gestaltet &seine%ihre& Arbeiten im Religionsheft(er) mit Sorgfalt.;FACH;KR;03;03
#KR33.14=&Er%Sie& zeigt meist Freude und Einfallsreichtum bei gestalterischen Aufgaben oder Rollenspielen.;FACH;KR;03;03
#KR33.15=$Vorname$ zeigt eine Stärke in folgendem Bereich (einfügen);FACH;KR;03;03
#KR33.16=$Vorname$ setzt sich teilweise interessiert mit den Themen des RU auseinander.;FACH;KR;03;03
#KR33.17=&Er%Sie& beteiligt sich gelegentlich am Unterricht.;FACH;KR;03;03
#KR33.18=&Er%Sie& hört Erzählungen meistens zu und kann Handlungsabläufe teilweise folgerichtig nacherzählen.;FACH;KR;03;03
#KR33.19=Es gelingt &ihm%ihr& manchmal, Zusammenhänge zwischen religiösen Fragestellungen und eigenen Erfahrungen herzustellen.;FACH;KR;03;03
#KR33.20=$Vorname$ gestaltet &seine%ihre& Arbeiten im Religionsheft(er) mit wenig Sorgfalt;FACH;KR;03;03
#KR33.21=&Er%Sie& zeigt manchmal Freude und Einfallsreichtum bei gestalterischen Aufgaben oder Rollenspielen.;FACH;KR;03;03
#KR33.22=$Vorname$ zeigt eine Stärke in folgendem Bereich (einfügen);FACH;KR;03;03
#KR33.23=$Vorname$ setzt sich wenig interessiert mit den Themen des RU auseinander.;FACH;KR;03;03
#KR33.24=&Er%Sie& beteiligt sich kaum am Unterricht.;FACH;KR;03;03
#KR33.25=&Er%Sie& hört Erzählungen selten aufmerksam zu und kann Handlungsabläufe nur teilweise folgerichtig nacherzählen.;FACH;KR;03;03
#KR33.26=Es gelingt &ihm%ihr& selten, Zusammenhänge zwischen religiösen Fragestellungen und eigenen Erfahrungen herzustellen.;FACH;KR;03;03
#KR33.27=$Vorname$ gestaltet &seine%ihre& Arbeiten im Religionsheft(er) mit wenig Sorgfalt.;FACH;KR;03;03
#KR33.28=&Er%Sie& zeigt wenig Freude und Einfallsreichtum bei gestalterischen Aufgaben oder Rollenspielen.;FACH;KR;03;03
#KR33.29=$Vorname$ zeigt eine Stärke in folgendem Bereich (einfügen);FACH;KR;03;03
#KU11.01=Es macht $Vorname$ Spaß, mit Wasserfarben eigene Bilder zu gestalten.;FACH;KU;01;E1
#KU11.02=Beim Gestalten bildnerischer Themen beweist $Vorname$ große Ausdauer und Einfallsreichtum.;FACH;KU;01;E1
#KU11.03=$Vorname$ zeichnet, bastelt und malt mit sehr viel Freude und Begeisterung und geht sehr geschickt mit Farben, Schere und Kleber um.;FACH;KU;01;E1
#KU11.04=Im Kunstunterricht zeigt $Vorname$ viel Kreativität und Geschicklichkeit und $Vorname$ kommt zu sauber gestalteten, fantasiereichen Ergebnissen.;FACH;KU;01;E1
#KU11.05=$Vorname$ Arbeiten im Kunstunterricht sind klar gegliedert, geschmackvoll ausgestaltet und farblich ausdrucksvoll zusammengestellt.;FACH;KU;01;E1
#KU11.06=Mit verschiedenen Werkzeugen, Materialien und Techniken geht $Vorname$ sehr geschickt um.;FACH;KU;01;E1
#KU11.07=&Er%Sie& geht mit verschiedenen Werkzeugen, Materialien und Techniken sehr geschickt um.;FACH;KU;01;E1
#KU11.08=$Vorname$ geht mit verschiedenen Werkzeugen, Materialien und Techniken sehr geschickt um.;FACH;KU;01;E1
#KU12.01=Es macht $Vorname$ Spaß, vor allem mit Wasserfarben eigene Bilder zu gestalten.;FACH;KU;02;E1
#KU12.02=$Vorname$ malt, zeichnet und formt mit großer Ausdauer und &er%sie& wendet vorgeführte Techniken schon nach kurzer Zeit sinnvoll an.;FACH;KU;02;E1
#KU12.03=Beim Gestalten bildnerischer Themen beweist $Vorname$ Ausdauer und Einfallsreichtum.;FACH;KU;02;E1
#KU12.04=$Vorname$ zeichnet, bastelt und malt mit Freude und Begeisterung und geht geschickt mit Farben, Schere und Kleber um.;FACH;KU;02;E1
#KU12.05=Im Kunstunterricht lässt $Vorname$ gute Ideen und gestalterische Fähigkeiten erkennen und $Vorname$ geht gerne mit textilem Material um.;FACH;KU;02;E1
#KU12.06=Mit verschiedenen Werkzeugen, Materialien und Techniken geht $Vorname$ sehr geschickt um.;FACH;KU;02;E1
#KU12.07=&Er%Sie& geht mit verschiedenen Werkzeugen, Materialien und Techniken sehr geschickt um.;FACH;KU;02;E1
#KU12.08=$Vorname$ geht mit verschiedenen Werkzeugen, Materialien und Techniken sehr geschickt um.;FACH;KU;02;E1
#KU13.01=Es macht $Vorname$ zunehmend Spaß, mit Wasserfarben eigene Bilder zu gestalten.;FACH;KU;03;E1
#KU13.02=Beim Gestalten bildnerischer Themen beweist $Vorname$ meist Ausdauer und Sorgfalt.;FACH;KU;03;E1
#KU13.03=$Vorname$ geht inzwischen immer geschickter mit Farben, Schere und Kleber um.;FACH;KU;03;E1
#KU13.04=Im Kunstunterricht ist $Vorname$ fähig, einfache bildnerische Aufgaben zu lösen und sachgerecht mit Farben und textilem Material umzugehen.;FACH;KU;03;E1
#KU13.05=Im Kunstunterricht entwickelt $Vorname$ immer sehr kreative, eigene Ideen.;FACH;KU;03;E1
#KU13.06=&Er%Sie& entwickelt im Kunstunterricht immer sehr kreative, eigene Ideen entwickeln.;FACH;KU;03;E1
#KU13.07=$Vorname$ entwickelt im Kunstunterricht immer sehr kreative, eigene Ideen entwickeln.;FACH;KU;03;E1
#KU13.08=Im Kunstunterricht kommt &er%sie& zu sehr guten, sauber gestalteten Ergebnissen.;FACH;KU;03;E1
#KU13.09=&Er%Sie& kommt im Kunstunterricht zu sehr guten sauber gestalteten, fantasiereichen Ergebnissen.;FACH;KU;03;E1
#KU13.10=$Vorname$ kommt im Kunstunterricht zu sehr guten sauber gestalteten, fantasiereichen Ergebnissen.;FACH;KU;03;E1
#KU13.11=Dabei zeigt &er%sie& viel Fantasie und ein sehr sicheres Form- und Farbgefühl. ;FACH;KU;03;E1
#KU13.12=&Er%Sie& zeigt dabei viel Fantasie und ein sehr sicheres Form- und Farbgefühl. ;FACH;KU;03;E1
#KU13.13=$Vorname$ zeigt in Kunsterziehung viel Fantasie und ein sehr sicheres Form- und Farbgefühl. ;FACH;KU;03;E1
#KU13.14=Zu eigenen und anderen Arbeiten nimmt $Vorname$  gern Stellung.;FACH;KU;03;E1
#KU13.15=&Er%Sie& nimmt zu eigenen und anderen Arbeiten gern Stellung.;FACH;KU;03;E1
#KU13.16=$Vorname$ nimmt zu eigenen und anderen Arbeiten gern Stellung.;FACH;KU;03;E1
#KU13.17=Mit verschiedenen Werkzeugen, Materialien und Techniken geht &er%sie& sehr geschickt um und setzt Farben und grafische Mittel immer passend zur Gestaltung ein.;FACH;KU;03;E1
#KU13.18=&Er%Sie& geht mit verschiedenen Werkzeugen, Materialien und Techniken sehr geschickt um und setzt Farben und grafische Mittel immer passend zur Gestaltung ein.;FACH;KU;03;E1
#KU13.19=$Vorname$ geht mit verschiedenen Werkzeugen, Materialien und Techniken sehr geschickt um und setzt Farben und grafische Mittel immer passend zur Gestaltung ein.;FACH;KU;03;E1
#KU14.01=Es fällt $Vorname$ noch schwer, mit Wasserfarben eigene Bilder zu gestalten.;FACH;KU;04;E1
#KU14.02=Beim Gestalten bildnerischer Themen ist $Vorname$ zeitweise sehr ungeduldig.;FACH;KU;04;E1
#KU14.03=$Vorname$ muss teilweise beim Zeichnen, Basteln und Malen ermutigt werden. $Vorname$ bemüht sich aber mit Farben, Schere und Kleber sachgerecht umzugehen.;FACH;KU;04;E1
#KU14.04=Im Kunstunterricht bereitet es $Vorname$ nicht viel Freude, &seine%ihre& Arbeiten ansprechend und exakt auszuarbeiten.;FACH;KU;04;E1
#KU14.05=Manchmal braucht $Vorname$ den Zuspruch der Lehrkraft, um ein Bild zu Ende zu bringen.;FACH;KU;04;E1
#KU14.06=Im Kunstunterricht gibt $Vorname$ sich bei seinen Arbeiten noch wenig Mühe und $Vorname$ hat noch wenig Einfallsreichtum entwickelt.;FACH;KU;04;E1
#KU14.07=Im Kunstunterricht entwickelt $Vorname$ immer sehr kreative, eigene Ideen.;FACH;KU;04;E1
#KU14.08=&Er%Sie& entwickelt im Kunstunterricht immer sehr kreative, eigene Ideen entwickeln.;FACH;KU;04;E1
#KU14.09=$Vorname$ entwickelt im Kunstunterricht immer sehr kreative, eigene Ideen entwickeln.;FACH;KU;04;E1
#KU14.10=Im Kunstunterricht kommt &er%sie& zu sehr guten, sauber gestalteten Ergebnissen.;FACH;KU;04;E1
#KU14.11=&Er%Sie& kommt im Kunstunterricht zu sehr guten sauber gestalteten, fantasiereichen Ergebnissen.;FACH;KU;04;E1
#KU14.12=$Vorname$ kommt im Kunstunterricht zu sehr guten sauber gestalteten, fantasiereichen Ergebnissen.;FACH;KU;04;E1
#KU14.13=Dabei zeigt &er%sie& viel Fantasie und ein sehr sicheres Form- und Farbgefühl. ;FACH;KU;04;E1
#KU14.14=&Er%Sie& zeigt dabei viel Fantasie und ein sehr sicheres Form- und Farbgefühl. ;FACH;KU;04;E1
#KU14.15=$Vorname$ zeigt in Kunsterziehung viel Fantasie und ein sehr sicheres Form- und Farbgefühl. ;FACH;KU;04;E1
#KU14.16=Zu eigenen und anderen Arbeiten nimmt $Vorname$  gern Stellung.;FACH;KU;04;E1
#KU14.17=&Er%Sie& nimmt zu eigenen und anderen Arbeiten gern Stellung.;FACH;KU;04;E1
#KU14.18=$Vorname$ nimmt zu eigenen und anderen Arbeiten gern Stellung.;FACH;KU;04;E1
#KU14.19=Mit verschiedenen Werkzeugen, Materialien und Techniken geht &er%sie& sehr geschickt um und setzt Farben und grafische Mittel immer passend zur Gestaltung ein.;FACH;KU;04;E1
#KU14.20=&Er%Sie& geht mit verschiedenen Werkzeugen, Materialien und Techniken sehr geschickt um und setzt Farben und grafische Mittel immer passend zur Gestaltung ein.;FACH;KU;04;E1
#KU14.21=$Vorname$ geht mit verschiedenen Werkzeugen, Materialien und Techniken sehr geschickt um und setzt Farben und grafische Mittel immer passend zur Gestaltung ein.;FACH;KU;04;E1
#KU15.01=Beim Gestalten bildnerischer Themen ist $Vorname$ sehr ungeduldig.;FACH;KU;05;E1
#KU15.02=Im Kunstunterricht lässt $Vorname$ nur wenig Geschick und Einfallsreichtum im Umgang mit Farben oder anderen Materialien erkennen.;FACH;KU;05;E1
#KU15.03=Im Kunstunterricht hat $Vorname$ noch erhebliche Schwierigkeiten im Umgang mit Farben, Schere und Klebstoff und es fällt $Vorname$ daher nicht leicht, gestalterische Aufgaben ansprechend und exakt auszuarbeiten;FACH;KU;05;E1
#KU21.01=Es macht $Vorname$ Spaß, mit Wasserfarben eigene Bilder zu gestalten.;FACH;KU;01;E2
#KU21.02=Beim Gestalten bildnerischer Themen beweist $Vorname$ große Ausdauer und Einfallsreichtum.;FACH;KU;01;E2
#KU21.03=$Vorname$ zeichnet, bastelt und malt mit sehr viel Freude und Begeisterung und geht sehr geschickt mit Farben, Schere und Kleber um.;FACH;KU;01;E2
#KU21.04=Im Kunstunterricht zeigt $Vorname$ viel Kreativität und Geschicklichkeit und $Vorname$ kommt zu sauber gestalteten, fantasiereichen Ergebnissen.;FACH;KU;01;E2
#KU21.05=$Vorname$ Arbeiten im Kunstunterricht sind klar gegliedert, geschmackvoll ausgestaltet und farblich ausdrucksvoll zusammengestellt.;FACH;KU;01;E2
#KU21.06=Beim Gestalten bildnerischer Themen beweist $Vorname$ große Ausdrucksfähigkeit und Einfallsreichtum.;FACH;KU;01;E2
#KU21.07=&Er%Sie& beweist beim Gestalten bildnerischer Themen große Ausdrucksfähigkeit und Einfallsreichtum.;FACH;KU;01;E2
#KU21.08=$Vorname$ beweist beim Gestalten bildnerischer Themen große Ausdrucksfähigkeit und Einfallsreichtum.;FACH;KU;01;E2
#KU21.09=Im Kunstunterricht kommt &er%sie& zu sauber gestalteten, fantasiereichen Ergebnissen.;FACH;KU;01;E2
#KU21.10=&Er%Sie& kommt im Kunstunterricht zu sauber gestalteten, fantasiereichen Ergebnissen.;FACH;KU;01;E2
#KU21.11=$Vorname$ kommt im Kunstunterricht zu sauber gestalteten, fantasiereichen Ergebnissen.;FACH;KU;01;E2
#KU21.12=Mit textilen Materialien/ Natur- und Abfallmaterialien stellt &er%sie& sehr originelle Arbeiten her.;FACH;KU;01;E2
#KU21.13=&Er%Sie& stellt mit textilen Materialien/ Natur- und Abfallmaterialien sehr originelle Arbeiten her.;FACH;KU;01;E2
#KU21.14=$Vorname$ stellt mit textilen Materialien/ Natur- und Abfallmaterialien sehr originelle Arbeiten her.;FACH;KU;01;E2
#KU22.01=Es macht $Vorname$ Spaß, vor allem mit Wasserfarben eigene Bilder zu gestalten.;FACH;KU;02;E2
#KU22.02=$Vorname$ malt, zeichnet und formt mit großer Ausdauer und &er%sie& wendet vorgeführte Techniken schon nach kurzer Zeit sinnvoll an.;FACH;KU;02;E2
#KU22.03=Beim Gestalten bildnerischer Themen beweist $Vorname$ Ausdauer und Einfallsreichtum.;FACH;KU;02;E2
#KU22.04=$Vorname$ zeichnet, bastelt und malt mit Freude und Begeisterung und geht geschickt mit Farben, Schere und Kleber um.;FACH;KU;02;E2
#KU22.05=Im Kunstunterricht lässt $Vorname$ gute Ideen und gestalterische Fähigkeiten erkennen und $Vorname$ geht gerne mit textilem Material um.;FACH;KU;02;E2
#KU22.06=Beim Gestalten bildnerischer Themen beweist $Vorname$ große Ausdrucksfähigkeit und Einfallsreichtum.;FACH;KU;02;E2
#KU22.07=&Er%Sie& beweist beim Gestalten bildnerischer Themen große Ausdrucksfähigkeit und Einfallsreichtum.;FACH;KU;02;E2
#KU22.08=$Vorname$ beweist beim Gestalten bildnerischer Themen große Ausdrucksfähigkeit und Einfallsreichtum.;FACH;KU;02;E2
#KU22.09=Im Kunstunterricht kommt &er%sie& zu sauber gestalteten, fantasiereichen Ergebnissen.;FACH;KU;02;E2
#KU22.10=&Er%Sie& kommt im Kunstunterricht zu sauber gestalteten, fantasiereichen Ergebnissen.;FACH;KU;02;E2
#KU22.11=$Vorname$ kommt im Kunstunterricht zu sauber gestalteten, fantasiereichen Ergebnissen.;FACH;KU;02;E2
#KU22.12=Mit textilen Materialien/ Natur- und Abfallmaterialien stellt &er%sie& sehr originelle Arbeiten her.;FACH;KU;02;E2
#KU22.13=&Er%Sie& stellt mit textilen Materialien/ Natur- und Abfallmaterialien sehr originelle Arbeiten her.;FACH;KU;02;E2
#KU22.14=$Vorname$ stellt mit textilen Materialien/ Natur- und Abfallmaterialien sehr originelle Arbeiten her.;FACH;KU;02;E2
#KU23.01=Es macht $Vorname$ zunehmend Spaß, mit Wasserfarben eigene Bilder zu gestalten.;FACH;KU;03;E2
#KU23.02=Beim Gestalten bildnerischer Themen beweist $Vorname$ meist Ausdauer und Sorgfalt.;FACH;KU;03;E2
#KU23.03=$Vorname$ geht inzwischen immer geschickter mit Farben, Schere und Kleber um.;FACH;KU;03;E2
#KU23.04=Im Kunstunterricht ist $Vorname$ fähig, einfache bildnerische Aufgaben zu lösen und sachgerecht mit Farben und textilem Material umzugehen.;FACH;KU;03;E2
#KU23.05=Im Kunstunterricht kommt &er%sie& zu zufriedenstellenden Ergebnissen.;FACH;KU;03;E2
#KU23.06=&Er%Sie& kommt im Kunstunterricht zu sauber gestalteten, fantasiereichen Ergebnissen.;FACH;KU;03;E2
#KU23.07=$Vorname$ kommt im Kunstunterricht zu sauber gestalteten, fantasiereichen Ergebnissen.;FACH;KU;03;E2
#KU23.08=In Kunsterziehung zeigt &er%sie& viel Fantasie und ein sicheres Form- und Farbgefühl. ;FACH;KU;03;E2
#KU23.09=&Er%Sie& zeigt in Kunsterziehung viel Fantasie und ein sicheres Form- und Farbgefühl. ;FACH;KU;03;E2
#KU23.10=$Vorname$ zeigt in Kunsterziehung viel Fantasie und ein sicheres Form und Farbgefühl. ;FACH;KU;03;E2
#KU24.01=Es fällt $Vorname$ noch schwer, mit Wasserfarben eigene Bilder zu gestalten.;FACH;KU;04;E2
#KU24.02=Beim Gestalten bildnerischer Themen ist $Vorname$ zeitweise sehr ungeduldig.;FACH;KU;04;E2
#KU24.03=$Vorname$ muss teilweise beim Zeichnen, Basteln und Malen ermutigt werden. $Vorname$ bemüht sich aber mit Farben, Schere und Kleber sachgerecht umzugehen.;FACH;KU;04;E2
#KU24.04=Im Kunstunterricht bereitet es $Vorname$ nicht viel Freude, &seine%ihre& Arbeiten ansprechend und exakt auszuarbeiten.;FACH;KU;04;E2
#KU24.05=Manchmal braucht $Vorname$ den Zuspruch der Lehrkraft, um ein Bild zu Ende zu bringen.;FACH;KU;04;E2
#KU24.06=Im Kunstunterricht gibt $Vorname$ sich bei seinen Arbeiten noch wenig Mühe und $Vorname$ hat noch wenig Einfallsreichtum entwickelt.;FACH;KU;04;E2
#KU24.07=Im Kunstunterricht kommt &er%sie& zu zufriedenstellenden Ergebnissen.;FACH;KU;04;E2
#KU24.08=&Er%Sie& kommt im Kunstunterricht zu sauber gestalteten, fantasiereichen Ergebnissen.;FACH;KU;04;E2
#KU24.09=$Vorname$ kommt im Kunstunterricht zu sauber gestalteten, fantasiereichen Ergebnissen.;FACH;KU;04;E2
#KU24.10=In Kunsterziehung zeigt &er%sie& viel Fantasie und ein sicheres Form- und Farbgefühl. ;FACH;KU;04;E2
#KU24.11=&Er%Sie& zeigt in Kunsterziehung viel Fantasie und ein sicheres Form- und Farbgefühl. ;FACH;KU;04;E2
#KU24.12=$Vorname$ zeigt in Kunsterziehung viel Fantasie und ein sicheres Form und Farbgefühl. ;FACH;KU;04;E2
#KU25.01=Beim Gestalten bildnerischer Themen ist $Vorname$ sehr ungeduldig.;FACH;KU;05;E2
#KU25.02=Im Kunstunterricht lässt $Vorname$ nur wenig Geschick und Einfallsreichtum im Umgang mit Farben oder anderen Materialien erkennen.;FACH;KU;05;E2
#KU25.03=Im Kunstunterricht hat $Vorname$ noch erhebliche Schwierigkeiten im Umgang mit Farben, Schere und Klebstoff und es fällt $Vorname$ daher nicht leicht, gestalterische Aufgaben ansprechend und exakt auszuarbeiten;FACH;KU;05;E2
#KU33.01=$Vorname$ zeigt sehr große Neugier, Offenheit und Experimentierfreude im Kunstunterricht.;FACH;KU;03;03
#KU33.02=Beim räumlichen Gestalten zeigt $Vorname$ sehr kreativen Umgang mit Materialien und Techniken, kann Objekte ansprechend gestalten und präsentieren.;FACH;KU;03;03
#KU33.03=&Er%Sie& hat sehr differenzierte Farbvorstellungen, setzt sich mit Materialien und Werkzeugen auseinander, gestaltet, beschreibt und reflektiert geschickt Farbkontraste und -nuancen.;FACH;KU;03;03
#KU33.04=$Vorname$ verfügt über differenzierte zeichnerische Fähigkeiten und setzt sich geschickt mit Zeichenwerkzeugen und -materialien auseinander.;FACH;KU;03;03
#KU33.05=&Er%Sie& setzt textile Techniken ausgesprochen einfallsreich/kreativ zur Gestaltung ein und stellt Spielobjekte aus textilen Materialien geschickt her.;FACH;KU;03;03
#KU33.06=$Vorname$ nutzt Layouts im Schreibprogramm ansprechend für eigene Arbeiten und verändert und collagiert Fotografien sowie Kopien ausdrucksvoll.;FACH;KU;03;03
#KU33.07=Beim szenischen Spiel erprobt &er%sie& sehr kreativ Ausdrucksmöglichkeiten und setzt visuelle Darstellungsfomen wirkungsvoll ein.;FACH;KU;03;03
#KU33.08=$Vorname$ lässt sich mit großer Freude auf ein differenziertes Betrachten, Beschreiben und Deuten von Bildern und Objekten ein.;FACH;KU;03;03
#KU33.09=$Vorname$ zeigt große Neugier, Offenheit und Experimentierfreude im Kunstunterricht.;FACH;KU;03;03
#KU33.10=Beim räumlichen Gestalten zeigt $Vorname$ kreativen Umgang mit Materialien und Techniken, kann Objekte gestalten und präsentieren.;FACH;KU;03;03
#KU33.11=&Er%Sie& hat differenzierte Farbvorstellungen, setzt sich mit Materialien und Werkzeugen auseinander, gestaltet, beschreibt und reflektiert Farbkontraste und -nuancen.;FACH;KU;03;03
#KU33.12=$Vorname$ verfügt über gute zeichnerische Fähigkeiten und setzt sich geschickt mit Zeichenwerkzeugen und -materialien auseinander.;FACH;KU;03;03
#KU33.13=&Er%Sie& setzt textile Techniken einfallsreich/kreativ zur Gestaltung ein und stellt Spielobjekte aus textilen Materialien geschickt her.;FACH;KU;03;03
#KU33.14=$Vorname$ nutzt Layouts im Schreibprogramm ansprechend für eigene Arbeiten und verändert und collagiert Fotografien sowie Kopien kreativ.;FACH;KU;03;03
#KU33.15=Beim szenischen Spiel erprobt &er%sie& geschickt Ausdrucksmöglichkeiten und setzt visuelle Darstellungsfomen wirkungsvoll ein.;FACH;KU;03;03
#KU33.16=$Vorname$ lässt sich mit Freude auf ein differenziertes Betrachten, Beschreiben und Deuten von Bildern und Objekten ein.;FACH;KU;03;03
#KU33.17=$Vorname$ zeigt Neugier, Offenheit und Experimentierfreude im Kunstunterricht.;FACH;KU;03;03
#KU33.18=Beim räumlichen Gestalten zeigt $Vorname$ Interesse im Umgang mit Materialien und Techniken, kann Objekte gestalten und präsentieren.;FACH;KU;03;03
#KU33.19=&Er%Sie& zeigt Farbvorstellungen, setzt sich mit Materialien und Werkzeugen auseinander, gestaltet, beschreibt und reflektiert Farbkontraste und -nuancen.;FACH;KU;03;03
#KU33.20=$Vorname$ verfügt über zeichnerische Fähigkeiten und setzt sich mit Zeichenwerkzeugen und -materialien auseinander.;FACH;KU;03;03
#KU33.21=&Er%Sie& setzt textile Techniken zur Gestaltung ein und stellt Spielobjekte aus textilen Materialien her.;FACH;KU;03;03
#KU33.22=$Vorname$ nutzt Layouts im Schreibprogramm für eigene Arbeiten und verändert und collagiert Fotografien sowie Kopien.;FACH;KU;03;03
#KU33.23=Beim szenischen Spiel erprobt &er%sie& Ausdrucksmöglichkeiten und setzt visuelle Darstellungsfomen ein.;FACH;KU;03;03
#KU33.24=$Vorname$ lässt sich auf ein differenziertes Betrachten, Beschreiben und Deuten von Bildern und Objekten ein.;FACH;KU;03;03
#KU33.25=$Vorname$ zeigt wenig Neugier, Offenheit und Experimentierfreude im Kunstunterricht.;FACH;KU;03;03
#KU33.26=Beim räumlichen Gestalten zeigt $Vorname$ wenig Interesse im Umgang mit Materialien und Techniken, &er%sie& hat Schwierigkeiten, Objekte zu gestalten und zu präsentieren.;FACH;KU;03;03
#KU33.27=&Er%Sie& zeigt zunehmend Farbvorstellungen, setzt sich mit Materialien und Werkzeugen auseinander, gestaltet, beschreibt und reflektiert Farbkontraste und -nuancen mit Hilfe.;FACH;KU;03;03
#KU33.28=$Vorname$ verfügt über geringe zeichnerische Fähigkeiten und setzt sich mit Hilfe mit Zeichenwerkzeugen und -materialien auseinander.;FACH;KU;03;03
#KU33.29=&Er%Sie& setzt textile Techniken zur Gestaltung ein und stellt mit Unterstützung Spielobjekte aus textilen Materialien her.;FACH;KU;03;03
#KU33.30=$Vorname$ fällt es noch schwer, Layouts im Schreibprogramm für eigene Arbeiten zu nutzen und Fotografien sowie Kopien ansprechend zu verändern und zu collagieren.;FACH;KU;03;03
#KU33.31=Beim szenischen Spiel fällt es &ihm%ihr& noch schwer, visuelle Darstellungsformen einzusetzen.;FACH;KU;03;03
#KU33.32=$Vorname$ lässt sich mit Mühe auf ein differenziertes Betrachten, Beschreiben und Deuten von Bildern und Objekten ein.;FACH;KU;03;03
#KU33.33=Im Kunstunterricht entwickelt $Vorname$ manchmal eigene Ideen in den Bereichen "räumliches, farbiges, grafisches und textiles Gestalten" und "Auseinandersetzung mit Bildern und Objekten".;FACH;KU;03;03
#KU33.34=&Er%Sie& entwickelt im Kunstunterricht manchmal eigene Ideen in den Bereichen "räumliches, farbiges, grafisches und textiles Gestalten" und "Auseinandersetzung mit Bildern und Objekten".;FACH;KU;03;03
#KU33.35=$Vorname$ entwickelt im Kunstunterricht manchmal eigene Ideen in den Bereichen "räumliches, farbiges, grafisches und textiles Gestalten" und "Auseinandersetzung mit Bildern und Objekten".;FACH;KU;03;03
#KU33.36=Im Kunstunterricht kommt &er%sie& zu zufriedenstellenden Ergebnissen.;FACH;KU;03;03
#KU33.37=&Er%Sie& kommt dabei zu zufriedenstellenden Ergebnissen.;FACH;KU;03;03
#KU33.38=$Vorname$ kommt dabei zu zufriedenstellenden Ergebnissen.;FACH;KU;03;03
#KU33.39=Bilder verändert, collagiert &er%sie& und gestaltet sie um. ;FACH;KU;03;03
#KU33.40=&Er%Sie&  verändert, collagiert Bilder und gestaltet sie um. ;FACH;KU;03;03
#KU33.41=$Vorname$ verändert, collagiert Bilder und gestaltet sie um. ;FACH;KU;03;03
#KU33.42=Zu eigenen und anderen Arbeiten nimmt $Vorname$  manchmal Stellung.;FACH;KU;03;03
#KU33.43=&Er%Sie& nimmt manchmal zu eigenen und anderen Arbeiten gern Stellung.;FACH;KU;03;03
#KU33.44=$Vorname$ nimmt zu eigenen und anderen Arbeiten manchmal Stellung.;FACH;KU;03;03
#KU33.45=Die besprochenen Arbeitstechniken beachtet &er%sie& und wendet sie meist korrekt an.;FACH;KU;03;03
#KU33.46=&Er%Sie& beachtet die besprochenen Arbeitstechniken und wendet sie meist korrekt an.;FACH;KU;03;03
#KU33.47=$Vorname$ beachtet die besprochenen Arbeitstechniken und wendet sie meist korrekt an.;FACH;KU;03;03
#KU33.48=Im Kunstunterricht entwickelt $Vorname$ manchmal eigene Ideen in den Bereichen "räumliches, farbiges, grafisches und textiles Gestalten" und "Auseinandersetzung mit Bildern und Objekten".;FACH;KU;03;03
#KU33.49=&Er%Sie& entwickelt im Kunstunterricht manchmal eigene Ideen in den Bereichen "räumliches, farbiges, grafisches und textiles Gestalten" und "Auseinandersetzung mit Bildern und Objekten".;FACH;KU;03;03
#KU33.50=$Vorname$ entwickelt im Kunstunterricht manchmal eigene Ideen in den Bereichen "räumliches, farbiges, grafisches und textiles Gestalten" und "Auseinandersetzung mit Bildern und Objekten".;FACH;KU;03;03
#KU33.51=Im Kunstunterricht kommt &er%sie& zu zufriedenstellenden Ergebnissen.;FACH;KU;03;03
#KU33.52=&Er%Sie& kommt dabei zu zufriedenstellenden Ergebnissen.;FACH;KU;03;03
#KU33.53=$Vorname$ kommt dabei zu zufriedenstellenden Ergebnissen.;FACH;KU;03;03
#KU33.54=Bilder verändert, collagiert &er%sie& und gestaltet sie um. ;FACH;KU;03;03
#KU33.55=&Er%Sie&  verändert, collagiert Bilder und gestaltet sie um. ;FACH;KU;03;03
#KU33.56=$Vorname$ verändert, collagiert Bilder und gestaltet sie um. ;FACH;KU;03;03
#KU33.57=Zu eigenen und anderen Arbeiten nimmt $Vorname$  manchmal Stellung.;FACH;KU;03;03
#KU33.58=&Er%Sie& nimmt manchmal zu eigenen und anderen Arbeiten gern Stellung.;FACH;KU;03;03
#KU33.59=$Vorname$ nimmt zu eigenen und anderen Arbeiten manchmal Stellung.;FACH;KU;03;03
#KU33.60=Die besprochenen Arbeitstechniken beachtet &er%sie& und wendet sie meist korrekt an.;FACH;KU;03;03
#KU33.61=&Er%Sie& beachtet die besprochenen Arbeitstechniken und wendet sie meist korrekt an.;FACH;KU;03;03
#KU33.62=$Vorname$ beachtet die besprochenen Arbeitstechniken und wendet sie meist korrekt an.;FACH;KU;03;03
#LE11.01=$Vorname$ kann unbekannte Texte fließend und selbstständig erlesen. ;FACH;LE;01;E1
#LE11.02=Fremde Texte kann $Vorname$  sehr genau lesen und deren Inhalt richtig wiedergeben.;FACH;LE;01;E1
#LE11.03=&Er/Sie& kann fremde Texte sehr genau lesen und deren Inhalt richtig wiedergeben.;FACH;LE;01;E1
#LE11.04=$Vorname$  kann fremde Texte sehr genau lesen und deren Inhalt richtig wiedergeben.;FACH;LE;01;E1
#LE11.05=Auch fremde/längere Texte trägt &er/sie& mit sicherer Betonung vor.;FACH;LE;01;E1
#LE11.06=&Er/Sie& trägt auch fremde/längere Texte mit sicherer Betonung vor.;FACH;LE;01;E1
#LE11.07=$Vorname$  trägt auch fremde/längere Texte mit sicherer Betonung vor.;FACH;LE;01;E1
#LE11.08=Kurze schriftliche Arbeitsaufträge und Anleitungen liest &er/sie& sehr genau und handelt danach.;FACH;LE;01;E1
#LE11.09=&Er/Sie& liest kurze schriftliche Arbeitsaufträge und Anleitungen sehr genau und handelt danach.;FACH;LE;01;E1
#LE11.10=$Vorname$  liest kurze schriftliche Arbeitsaufträge und Anleitungen sehr genau und handelt danach.;FACH;LE;01;E1
#LE11.11=Im Deutschunterricht liest $Vorname$  kurze, altersgemäße Texte und beantwortet Fragen zum Text immer richtig.;FACH;LE;01;E1
#LE11.12=&Er/Sie& liest kurze, altersgemäße Texte und beantwortet Fragen zum Text immer richtig.;FACH;LE;01;E1
#LE11.13=$Vorname$  liest kurze, altersgemäße Texte und beantwortet Fragen zum Text immer richtig.;FACH;LE;01;E1
#LE12.01=Dabei gelingt es $Vorname$ immer sicher, den Sinn in eigenen Worten wiederzugeben. ;FACH;LE;02;E1
#LE12.02=$Vorname$ kann unbekannte Texte selbstständig erlesen. ;FACH;LE;02;E1
#LE12.03=Dabei gelingt es $Vorname$ in der Regel sicher, den Sinn in eigenen Worten wiederzugeben. ;FACH;LE;02;E1
#LE12.04=Es gelingt $Vorname$ oft, Fragen zum Text zu beantworten. ;FACH;LE;02;E1
#LE12.05=Im Unterricht liest &er/sie& kurze, altersgemäße Texte und beantwortet Fragen zum Text immer richtig.;FACH;LE;02;E1
#LE12.06=&Er/Sie& liest kurze, altersgemäße Texte und beantwortet Fragen zum Text immer richtig.;FACH;LE;02;E1
#LE12.07=$Vorname$  liest kurze, altersgemäße Texte und beantwortet Fragen zum Text immer richtig.;FACH;LE;02;E1
#LE12.08=Kurze schriftliche Arbeitsaufträge und Anleitungen liest &er/sie& sehr genau und handelt danach.;FACH;LE;02;E1
#LE12.09=&Er/Sie& liest kurze schriftliche Arbeitsaufträge und Anleitungen sehr genau und handelt danach.;FACH;LE;02;E1
#LE12.10=$Vorname$  liest kurze schriftliche Arbeitsaufträge und Anleitungen sehr genau und handelt danach.;FACH;LE;02;E1
#LE12.11=Bekannte und fremde Texte liest $Vorname$  immer fließend, fehlerfrei und sinnbetont vor.;FACH;LE;02;E1
#LE12.12=&Er/Sie& liest bekannte und fremde Texte immer fließend, fehlerfrei und sinnbetont vor.;FACH;LE;02;E1
#LE12.13=$Vorname$  liest bekannte und fremde Texte immer fließend, fehlerfrei und sinnbetont vor.;FACH;LE;02;E1
#LE12.14=Auch an anspruchsvoller Kinderliteratur zeigt &er/sie& besondere Freude. Regelmäßig äußert $Vorname$  seine Gedanken zu gelesenen Texten.;FACH;LE;02;E1
#LE12.15=&Er/Sie& zeigt auch an anspruchsvoller Kinderliteratur besondere Freude. Regelmäßig äußert $Vorname$  seine Gedanken zu gelesenen Texten.;FACH;LE;02;E1
#LE12.16=$Vorname$  zeigt auch an anspruchsvoller Kinderliteratur besondere Freude. Regelmäßig äußert $Vorname$  seine Gedanken zu gelesenen Texten.;FACH;LE;02;E1
#LE13.01=Es gelingt $Vorname$ stets Fragen zum Text zu beantworten. ;FACH;LE;03;E1
#LE13.02=$Vorname$ kann bekannte oder geübte kurze Texte zögerlich erlesen. ;FACH;LE;03;E1
#LE13.03=Dabei gelingt es $Vorname$ meistens, den Sinn des Gelesenen in eigenen Worten wiederzugeben. ;FACH;LE;03;E1
#LE13.04=Es gelingt$Vorname$ manchmal, Fragen zum Text zu beantworten. ;FACH;LE;03;E1
#LE13.05=Unbekannte Texte trägt &er/sie& fließend vor.;FACH;LE;03;E1
#LE13.06=&Er/Sie& trägt unbekannte Texte fließend vor.;FACH;LE;03;E1
#LE13.07=$Vorname$  trägt unbekannte Texte fließend vor.;FACH;LE;03;E1
#LE13.08=Schriftliche Arbeitsanweisungen versteht $Vorname$  sehr genau und handelt selbständig danach.;FACH;LE;03;E1
#LE13.09=&Er/Sie& versteht schriftliche Arbeitsanweisungen sehr genau und handelt selbständig danach.;FACH;LE;03;E1
#LE13.10=$Vorname$  versteht schriftliche Arbeitsanweisungen sehr genau und handelt selbständig danach.;FACH;LE;03;E1
#LE13.11=Es gelingt &ihm/ihr& in Texten sehr gezielt Informationen zu finden und gibt diese fast vollständig wieder.;FACH;LE;03;E1
#LE13.12=&Er/Sie& findet in Texten sehr gezielt Informationen und gibt diese fast vollständig wieder.;FACH;LE;03;E1
#LE13.13=$Vorname$  findet in Texten sehr gezielt Informationen und gibt diese fast vollständig wieder.;FACH;LE;03;E1
#LE13.14=Eigene Gedanken, Vorstellungsbilder oder Schlussfolgerungen zu Texten formuliert $Vorname$  sehr betont und tauscht sich darüber mit anderen aus.;FACH;LE;03;E1
#LE13.15=&Er/Sie& formuliert eigene Gedanken, Vorstellungsbilder oder Schlussfolgerungen zu Texten sehr betont und tauscht sich darüber mit anderen aus.;FACH;LE;03;E1
#LE13.16=$Vorname$  formuliert eigene Gedanken, Vorstellungsbilder oder Schlussfolgerungen zu Texten sehr betont und tauscht sich darüber mit anderen aus.;FACH;LE;03;E1
#LE14.01=Auch Lese- Malaufträge führt $Vorname$ sachgemäß aus. ;FACH;LE;04;E1
#LE14.02=$Vorname$ beherrscht die Laut-Buchstaben- Zuordnung weitgehend. ;FACH;LE;04;E1
#LE14.03=Das Erlesen lautgetreuer Wörter gelingt $Vorname$ in der Regel selbstständig. ;FACH;LE;04;E1
#LE14.04=Bei Sätzen und kurzen Texten benötigt $Vorname$ Unterstützung. ;FACH;LE;04;E1
#LE15.01=$Vorname$ kann noch nicht alle Buchstaben und die dazugehörigen Laute, so dass $Vorname$ nur kurze bekannte lautgetreue Wörter erlesen kann. ;FACH;LE;05;E1
#LE15.02=$Vorname$ sollte die Laut- Buchstaben- Zuordnung intensiv trainieren und täglich lesen üben. ;FACH;LE;05;E1
#LE21.01=Bekannte Texte kann $Vorname$ sehr betont, fehlerfrei und flüssig vortragen.;FACH;LE;01;E2
#LE21.02=Auch unbekannte Texte liest $Vorname$ fließend und kann den Inhalt immer richtig wiedergeben.;FACH;LE;01;E2
#LE21.03=Regelmäßig äußert $Vorname$ Gedanken zu gelesenen Texten und beantwortet Fragen problemlos.;FACH;LE;01;E2
#LE21.04=Schriftliche Arbeitsaufträge und Anweisungen liest $Vorname$ sehr genau und handelt danach sehr selbständig.;FACH;LE;01;E2
#LE21.05=Fremde Texte kann $Vorname$  lesen und deren Inhalt richtig wiedergeben.;FACH;LE;01;E2
#LE21.06=&Er/Sie& kann fremde Texte lesen und deren Inhalt richtig wiedergeben.;FACH;LE;01;E2
#LE21.07=$Vorname$  kann fremde Texte lesen und deren Inhalt richtig wiedergeben.;FACH;LE;01;E2
#LE21.08=Auch fremde/längere Texte trägt &er/sie& mit Betonung vor.;FACH;LE;01;E2
#LE21.09=&Er/Sie& trägt auch fremde/längere Texte mit Betonung vor.;FACH;LE;01;E2
#LE21.10=$Vorname$  trägt auch fremde/längere Texte mit Betonung vor.;FACH;LE;01;E2
#LE21.11=Kurze schriftliche Arbeitsaufträge und Anleitungen liest &er/sie& genau und handelt danach.;FACH;LE;01;E2
#LE21.12=&Er/Sie& liest kurze schriftliche Arbeitsaufträge und Anleitungen genau und handelt danach.;FACH;LE;01;E2
#LE21.13=$Vorname$  liest kurze schriftliche Arbeitsaufträge und Anleitungen genau und handelt danach.;FACH;LE;01;E2
#LE21.14=Im Deutschunterricht liest $Vorname$  kurze, altersgemäße Texte und beantwortet Fragen zum Text richtig.;FACH;LE;01;E2
#LE21.15=&Er/Sie& liest kurze, altersgemäße Texte und beantwortet Fragen zum Text richtig.;FACH;LE;01;E2
#LE21.16=$Vorname$  liest kurze, altersgemäße Texte und beantwortet Fragen zum Text richtig.;FACH;LE;01;E2
#LE22.01=Bekannte Texte kann $Vorname$ betont, meist fehlerfrei und flüssig vortragen.;FACH;LE;02;E2
#LE22.02=Auch unbekannte Texte liest $Vorname$ schon sicher und kann den Inhalt richtig wiedergeben.;FACH;LE;02;E2
#LE22.03=Über eigene Leseerfahrungen tauscht sich $Vorname$ gerne aus und kann Fragen zum Text gut beantworten.;FACH;LE;02;E2
#LE22.04=Schriftliche Arbeitsaufträge liest $Vorname$ genau und handelt danach selbständig.;FACH;LE;02;E2
#LE22.05=Im Unterricht liest &er/sie& kurze, altersgemäße Texte und beantwortet Fragen zum Text richtig.;FACH;LE;02;E2
#LE22.06=&Er/Sie& liest kurze, altersgemäße Texte und beantwortet Fragen zum Text richtig.;FACH;LE;02;E2
#LE22.07=$Vorname$  liest kurze, altersgemäße Texte und beantwortet Fragen zum Text richtig.;FACH;LE;02;E2
#LE22.08=Kurze schriftliche Arbeitsaufträge und Anleitungen liest &er/sie& genau und handelt danach.;FACH;LE;02;E2
#LE22.09=&Er/Sie& liest kurze schriftliche Arbeitsaufträge und Anleitungen genau und handelt danach.;FACH;LE;02;E2
#LE22.10=$Vorname$  liest kurze schriftliche Arbeitsaufträge und Anleitungen genau und handelt danach.;FACH;LE;02;E2
#LE22.11=Bekannte und fremde Texte liest $Vorname$  fließend, fehlerfrei und sinnbetont vor.;FACH;LE;02;E2
#LE22.12=&Er/Sie& liest bekannte und fremde Texte fließend, fehlerfrei und sinnbetont vor.;FACH;LE;02;E2
#LE22.13=$Vorname$  liest bekannte und fremde Texte fließend, fehlerfrei und sinnbetont vor.;FACH;LE;02;E2
#LE23.01=$Vorname$ kann bekannte und geübte Texte $Vorname$ immer sicherer und flüssig vortragen.;FACH;LE;03;E2
#LE23.02=Bei unbekannten längeren Texten zeigen sich aber teilweise noch Unsicherheiten, so dass $Vorname$ noch ins Stocken gerät.;FACH;LE;03;E2
#LE23.03=Über eigene Leseerfahrungen tauscht sich $Vorname$ aus und kann immer öfter Fragen zu einem Text beantworten.;FACH;LE;03;E2
#LE23.04=Kurze schriftliche Arbeitsaufträge liest $Vorname$ immer häufiger genau und handelt in der Regel danach. ;FACH;LE;03;E2
#LE24.01=$Vorname$ trägt bekannte und geübte Texte noch recht mühsam, bedächtig und wenig flüssig vor.;FACH;LE;04;E2
#LE24.02=Insbesondere bei unbekannten Texten zeigen sich noch Unsicherheiten, so dass $Vorname$ immer wieder ins Stocken gerät und kein Lesefluss entsteht.;FACH;LE;04;E2
#LE24.03=Manchmal beteiligt sich $Vorname$ an Gesprächen über Texte.;FACH;LE;04;E2
#LE24.04=Selten liest $Vorname$ schriftliche Arbeitsaufträge genau, so dass $Vorname$ auf individuelle Hilfestellungen angewiesen ist.;FACH;LE;04;E2
#LE33.01=$Vorname$ verfügt über hervorragende Lesefähigkeiten und Fertigkeiten. ;FACH;LE;03;03
#LE33.02=Verschiedene Texte kann &er%sie& fließend und sinngestaltend vortragen, sowie wichtige Informationen entnehmen und richtig wiedergeben.;FACH;LE;03;03
#LE33.03=$Vorname$ verfügt über gute Lesefähigkeiten und Fertigkeiten.;FACH;LE;03;03
#LE33.04= Verschiedene Texte kann &er%sie& meist fließend und mit Sinn für Betonung vortragen, sowie ohne größere Schwierigkeiten wichtige Informationen entnehmen und richtig wiedergeben.;FACH;LE;03;03
#LE33.05=$Vorname$ liest geübte Texte nahezu flüssig, doch fehlt es &ihm%ihr& noch an Geläufigkeit und Ausdruckskraft. ;FACH;LE;03;03
#LE33.06=Es gelingt &ihm%ihr& in der Regel, Informationen, die direkt im Text stehen, zu verstehen und wiederzugeben. ;FACH;LE;03;03
#LE33.07=Nicht immer erfasst &er%sie& jedoch Sinnzusammenhänge und weitergehende Informationen, die indirekt im Text stehen.;FACH;LE;03;03
#LE33.08=$Vorname$ muss auch weiterhin üben, um mehr Geläufigkeit und ein schnelleres Lesetempo zu erreichen. ;FACH;LE;03;03
#LE33.09=Es gelingt &ihm%ihr& in der Regel nur, Informationen, die direkt im Text stehen, zu verstehen und wiederzugeben. ;FACH;LE;03;03
#LE33.10=Zum Gelesenen kann &er%sie& sich nicht immer nachvollziehbar äußern.;FACH;LE;03;03
#LE33.11=Fremde Texte kann $Vorname$  in der Regel lesen und deren Inhalt wiedergeben.;FACH;LE;03;03
#LE33.12=&Er/Sie& kann fremde Texte in der Regel lesen und deren Inhalt richtig wiedergeben.;FACH;LE;03;03
#LE33.13=$Vorname$  kann fremde Texte in der Regel lesen und deren Inhalt richtig wiedergeben.;FACH;LE;03;03
#LE33.14=Texte trägt &er/sie& mit Betonung vor.;FACH;LE;03;03
#LE33.15=&Er/Sie& trägt Texte mit Betonung vor.;FACH;LE;03;03
#LE33.16=$Vorname$  trägt auch Texte mit Betonung vor.;FACH;LE;03;03
#LE33.17=Kurze schriftliche Arbeitsaufträge und Anleitungen liest &er/sie& und handelt in der Regel danach.;FACH;LE;03;03
#LE33.18=&Er/Sie& liest kurze schriftliche Arbeitsaufträge und Anleitungen und handelt in der Regel danach.;FACH;LE;03;03
#LE33.19=$Vorname$  liest kurze schriftliche Arbeitsaufträge und Anleitungen und handelt in der Regel danach.;FACH;LE;03;03
#LE33.20=Im Deutschunterricht liest $Vorname$  kurze, altersgemäße Texte und beantwortet Fragen zum Text.;FACH;LE;03;03
#LE33.21=&Er/Sie& liest kurze, altersgemäße Texte und beantwortet Fragen zum Text.;FACH;LE;03;03
#LE33.22=$Vorname$  liest kurze, altersgemäße Texte und beantwortet Fragen zum Text.;FACH;LE;03;03
#LE33.23=Im Unterricht liest &er/sie& kurze, altersgemäße Texte und beantwortet Fragen zum Text meist richtig.;FACH;LE;03;03
#LE33.24=&Er/Sie& liest kurze, altersgemäße Texte und beantwortet Fragen zum Text meist richtig.;FACH;LE;03;03
#LE33.25=$Vorname$  liest kurze, altersgemäße Texte und beantwortet Fragen zum Text meist richtig.;FACH;LE;03;03
#LE33.26=Kurze schriftliche Arbeitsaufträge und Anleitungen liest &er/sie& und handelt danach.;FACH;LE;03;03
#LE33.27=&Er/Sie& liest kurze schriftliche Arbeitsaufträge und Anleitungen und handelt danach.;FACH;LE;03;03
#LE33.28=$Vorname$  liest kurze schriftliche Arbeitsaufträge und Anleitungen und handelt danach.;FACH;LE;03;03
#LE33.29=Bekannte Texte liest $Vorname$  fließend und fehlerfrei vor.;FACH;LE;03;03
#LE33.30=&Er/Sie& liest bekannte Texte fließend und fehlerfrei vor.;FACH;LE;03;03
#LE33.31=$Vorname$  liest bekannte Texte fließend und fehlerfrei vor.;FACH;LE;03;03
#LE44.01=Fremde Texte kann $Vorname$  ansatzweise lesen und deren Inhalt wiedergeben.;FACH;LE;04;04
#LE44.02=&Er/Sie& kann fremde Texte ansatzweise lesen und deren Inhalt wiedergeben.;FACH;LE;04;04
#LE44.03=$Vorname$  kann fremde Texte ansatzweise lesen und deren Inhalt wiedergeben.;FACH;LE;04;04
#LE44.04=Fremde Texte kann $Vorname$  kaum lesen und deren Inhalt nicht wiedergeben.;FACH;LE;04;04
#LE44.05=&Er/Sie& kann fremde Texte kaum lesen und deren Inhalt nicht wiedergeben.;FACH;LE;04;04
#LE44.06=$Vorname$  kann fremde Texte kaum lesen und deren Inhalt nicht wiedergeben.;FACH;LE;04;04
#LE44.07=Texte trägt &er/sie& ansatzweise mit Betonung vor.;FACH;LE;04;04
#LE44.08=&Er/Sie& trägt Texte ansatzweise mit Betonung vor.;FACH;LE;04;04
#LE44.09=$Vorname$  trägt auch Texte ansatzweise mit Betonung vor.;FACH;LE;04;04
#LE44.10=Texte trägt &er/sie& noch nicht mit Betonung vor.;FACH;LE;04;04
#LE44.11=&Er/Sie& trägt Texte noch nicht mit Betonung vor.;FACH;LE;04;04
#LE44.12=$Vorname$  trägt auch Texte noch nicht mit Betonung vor.;FACH;LE;04;04
#LE44.13=Kurze schriftliche Arbeitsaufträge und Anleitungen liest &er/sie& häufig zu ungenau.;FACH;LE;04;04
#LE44.14=&Er/Sie& liest kurze schriftliche Arbeitsaufträge und Anleitungen häufig zu ungenau.;FACH;LE;04;04
#LE44.15=$Vorname$  liest kurze schriftliche Arbeitsaufträge und Anleitungen häufig zu ungenau.;FACH;LE;04;04
#LE44.16=Kurze schriftliche Arbeitsaufträge und Anleitungen liest &er/sie& sehr ungenau.;FACH;LE;04;04
#LE44.17=&Er/Sie& liest kurze schriftliche Arbeitsaufträge und Anleitungen sehr ungenau.;FACH;LE;04;04
#LE44.18=$Vorname$  liest kurze schriftliche Arbeitsaufträge und Anleitungen sehr ungenau.;FACH;LE;04;04
#LE44.19=Im Deutschunterricht liest $Vorname$  teilweise kurze, altersgemäße Texte und beantwortet manchmal Fragen zum Text.;FACH;LE;04;04
#LE44.20=&Er/Sie& liest teilweise kurze, altersgemäße Texte und beantwortet manchmal Fragen zum Text.;FACH;LE;04;04
#LE44.21=$Vorname$  liest teilweise kurze, altersgemäße Texte und beantwortet manchmal Fragen zum Text.;FACH;LE;04;04
#LE44.22=Es gelingt &ihm/ihr& nicht, kurze, altersgemäße Texte zu lesen.;FACH;LE;04;04
#LE44.23=&Er/Sie& ist nicht in der Lage, kurze, altersgemäße Texte zu lesen.;FACH;LE;04;04
#LE44.24=$Vorname$  ist nicht in der Lage, kurze, altersgemäße Texte zu lesen.;FACH;LE;04;04
#LE44.25=Im Unterricht liest &er/sie& kurze, altersgemäße Texte und beantwortet Fragen zum Text teilweise richtig.;FACH;LE;04;04
#LE44.26=&Er/Sie& liest kurze, altersgemäße Texte und beantwortet Fragen zum Text teilweise richtig.;FACH;LE;04;04
#LE44.27=$Vorname$  liest kurze, altersgemäße Texte und beantwortet Fragen zum Text teilweise richtig.;FACH;LE;04;04
#LE44.28=Im Unterricht liest &er/sie&  kurze, altersgemäße Texte und beantwortet Fragen zum Text selten richtig.;FACH;LE;04;04
#LE44.29=&Er/Sie& liest kurze, altersgemäße Texte und beantwortet Fragen zum Text selten richtig.;FACH;LE;04;04
#LE44.30=$Vorname$  liest kurze, altersgemäße Texte und beantwortet Fragen zum Text selten richtig.;FACH;LE;04;04
#LE44.31=Kurze schriftliche Arbeitsaufträge und Anleitungen liest &er/sie& und handelt gelegentlich danach.;FACH;LE;04;04
#LE44.32=&Er/Sie& liest kurze schriftliche Arbeitsaufträge und Anleitungen und handelt gelegentlich danach.;FACH;LE;04;04
#LE44.33=$Vorname$  liest kurze schriftliche Arbeitsaufträge und Anleitungen und handelt gelegentlich danach.;FACH;LE;04;04
#LE44.34=Kurze schriftliche Arbeitsaufträge und Anleitungen liest &er/sie& mit Mühe und handelt selten danach.;FACH;LE;04;04
#LE44.35=&Er/Sie& liest kurze schriftliche Arbeitsaufträge und Anleitungen mit Mühe und handelt selten danach.;FACH;LE;04;04
#LE44.36=$Vorname$  liest kurze schriftliche Arbeitsaufträge und Anleitungen mit Mühe und handelt selten danach.;FACH;LE;04;04
#LE44.37=Bekannte Texte liest $Vorname$   mit Unterstützung fließend und fehlerfrei vor.;FACH;LE;04;04
#LE44.38=&Er/Sie& liest bekannte Texte mit Unterstützung fließend und fehlerfrei vor.;FACH;LE;04;04
#LE44.39=$Vorname$  liest bekannte Texte mit Unterstützung fließend und fehlerfrei vor.;FACH;LE;04;04
#LE44.40=Bekannte Texte liest $Vorname$   noch nicht fließend und fehlerfrei vor.;FACH;LE;04;04
#LE44.41=&Er/Sie& liest bekannte Texte noch nicht fließend und fehlerfrei vor.;FACH;LE;04;04
#LE44.42=$Vorname$  liest bekannte Texte noch nicht fließend und fehlerfrei vor.;FACH;LE;04;04
#LUL001=$Vorname$ hat sich in mit Fleiß in einigen Fächern verbessert.;LUL;;;
#LUL002=$Vorname$ sollte sich noch mehr im Unterricht mündlich beteiligen.;LUL;;;
#LUL003=$Vorname$ beteiligt sich nun viel öfter am Unetrricht.;LUL;;;
#LUL004=$Vorname$ hat den Wortschatz deutlich erweitert.;LUL;;;
#LUL005=$Vorname$ kann nun viel besser Texte und das Wesentliche daraus wiedergeben.;LUL;;;
#M11.01=Im Zahlenraum bis 20 bewältigt $Vorname$ alle geübten Plus- und Minusaufgaben schnell und sicher.;FACH;M;01;E1
#M11.02=$Vorname$ bewältigt Sachaufgaben stets sicher, selbstständig und schnell.;FACH;M;01;E1
#M11.03=Im Fach Mathematik rechnet $Vorname$ sicher, rasch und ohne zusätzliche Hilfsmittel im Zahlenraum bis 20 und §Vorname$ ist in der Lage, bekannte Aufgabenstellungen in neue Zusammenhänge zu übertragen.;FACH;M;01;E1
#M11.04=Sowohl der Zehnerübergang als auch beliebige Aufgabenumstellungen oder das Rechnen mit Geldbeträgen machen xy keinerlei Schwierigkeiten.;FACH;M;01;E1
#M11.05=$Vorname$ kann Geldbeträge selbstständig und sicher bestimmen und mit ihnen rechnen.;FACH;M;01;E1
#M11.06=$Vorname$ kann selbstständig Größen ordnen und vergleichen.;FACH;M;01;E1
#M11.07=$Vorname$ kann Geldbeträge noch nicht bestimmen und mit ihnen rechnen.;FACH;M;01;E1
#M11.08=$Vorname$ kennt alle Fachbegriffe für geometrische Formen und ihre Teile und wendet sie stets richtig an.;FACH;M;01;E1
#M11.09=$Vorname$ kann Figuren problemlos nachlegen, zusammensetzen oder ausschneiden.;FACH;M;01;E1
#M11.10=Im Zahlenraum bis 20 kann &Er%Sie& sich sehr gut orientieren.;FACH;M;01;E1
#M11.11=&Er%Sie& kann sich im Zahlenraum bis 20 sehr gut orientieren.;FACH;M;01;E1
#M11.12=$Vorname$ kann sich im Zahlenraum bis 20 sehr gut orientieren.;FACH;M;01;E1
#M11.13=Additions- und Subtraktionsaufgaben kann $Vorname$ im Zahlenraum bis 20 sehr sicher rechnen. Dabei ist $Vorname$ stets in der Lage, auch Kopfrechenaufgaben zügig zu lösen.;FACH;M;01;E1
#M11.14=&Er%Sie& kann Additions- und Subtraktionsaufgaben im Zahlenraum bis 20 sehr sicher rechnen. Dabei ist $Vorname$ stets in der Lage, auch Kopfrechenaufgaben zügig zu lösen. ;FACH;M;01;E1
#M11.15=$Vorname$ kann Additions- und Subtraktionsaufgaben im Zahlenraum bis 20 sehr sicher rechnen. Dabei ist $Vorname$ stets in der Lage, auch Kopfrechenaufgaben zügig zu lösen. ;FACH;M;01;E1
#M11.16=Ziffern schreibt $Vorname$ stets formgerecht.;FACH;M;01;E1
#M11.17=&Er%Sie& schreibt Ziffern stets formgerecht.;FACH;M;01;E1
#M11.18=$Vorname$ schreibt Ziffern stets formgerecht.;FACH;M;01;E1
#M11.19=Es gelingt &ihm%ihr& sehr sicher, den eingeführten Grundformen und geometrischen Körpern, die entsprechenden Fachbegriffe selbstständig zu zuordnen.;FACH;M;01;E1
#M11.20=&Er%Sie& ist sehr sicher in der Lage, den eingeführten Grundformen und geometrischen Körpern, die entsprechenden Fachbegriffe selbstständig zu zuordnen.;FACH;M;01;E1
#M11.21=$Vorname$ ist sehr sicher in der Lage, den eingeführten Grundformen und geometrischen Körpern, die entsprechenden Fachbegriffe selbstständig zu zuordnen.;FACH;M;01;E1
#M11.22=Geometrische Grundfertigkeiten wie Legen, Zeichnen und Bauen führt $Vorname$ sehr sicher aus.;FACH;M;01;E1
#M11.23=&Er%Sie& führt geometrische Grundfertigkeiten wie Legen, Zeichnen und Bauen sehr sicher aus.;FACH;M;01;E1
#M11.24=$Vorname$ führt geometrische Grundfertigkeiten wie Legen, Zeichnen und Bauen sehr sicher aus.;FACH;M;01;E1
#M11.25=Es gelingt &ihm%ihr& ohne jede Einschränkung mit Größen wie Längen und Geldwerten zu rechnen.;FACH;M;01;E1
#M11.26=&Er%Sie& kann ohne jede Einschränkung mit Größen wie Längen und Geldwerten rechnen.;FACH;M;01;E1
#M11.27=$Vorname$ kann ohne jede Einschränkung mit Größen wie Längen und Geldwerten rechnen.;FACH;M;01;E1
#M11.28=Einfache Uhrzeiten kann $Vorname$ vorbildlich lesen.;FACH;M;01;E1
#M11.29=&Er%Sie& kann einfache Uhrzeiten vorbildlich lesen.;FACH;M;01;E1
#M11.30=$Vorname$ kann einfache Uhrzeiten vorbildlich lesen.;FACH;M;01;E1
#M11.31=Es gelingt &ihm%ihr&, Längen und Geldbeträge sehr sicher zu vergleichen und zu ordnen.;FACH;M;01;E1
#M11.32=&Er%Sie& ist in der Lage, Längen und Geldbeträge sehr sicher zu vergleichen und zu ordnen.;FACH;M;01;E1
#M11.33=$Vorname$ ist in der Lage, Längen und Geldbeträge sehr sicher zu vergleichen und zu ordnen.;FACH;M;01;E1
#M11.34=Es gelingt &ihm%ihr& jederzeit mathematische Auffälligkeiten zu entdecken sowie Strategien nachzuvollziehen und darzustellen.;FACH;M;01;E1
#M11.35=&Er%Sie& kann jederzeit mathematische Auffälligkeiten entdecken sowie Strategien nachvollziehen und darstellen.;FACH;M;01;E1
#M11.36=$Vorname$ kann jederzeit mathematische Auffälligkeiten entdecken sowie Strategien nachvollziehen und darstellen.;FACH;M;01;E1
#M11.37=Es gelingt &ihm%ihr& jederzeit mathematische Auffälligkeiten zu entdecken sowie Strategien nachzuvollziehen und darzustellen.;FACH;M;01;E1
#M11.38=&Er%Sie& kann jederzeit mathematische Auffälligkeiten entdecken sowie Strategien nachvollziehen und darstellen.;FACH;M;01;E1
#M11.39=$Vorname$ kann jederzeit mathematische Auffälligkeiten entdecken sowie Strategien nachvollziehen und darstellen.;FACH;M;01;E1
#M12.01=Im Zahlenraum bis 20 bewältigt $Vorname$ alle geübten Plus- und Minusaufgaben selbstständig und meist in der vorgegebenen Zeit.;FACH;M;02;E1
#M12.02=$Vorname$ löst Sachaufgaben in der Regel ohne Hilfen und beweist schon gute Fähigkeiten im problemlösenden Denken.;FACH;M;02;E1
#M12.03=Im Fach Mathematik rechnet $Vorname$ recht sicher, rasch und ohne zusätzliche Hilfsmittel im Zahlenraum bis 20 und $Vorname$ ist meist in der Lage, bekannte Aufgabenstellungen in neue Zusammenhänge zu übertragen.;FACH;M;02;E1
#M12.04=Sowohl der Zehnerübergang als auch beliebige Aufgabenumstellungen oder das Rechnen mit Geldbeträgen machen xy kaum Schwierigkeiten.;FACH;M;02;E1
#M12.05=$Vorname$ kann Geldbeträge bestimmen und recht sicher mit ihnen rechnen.;FACH;M;02;E1
#M12.06=$Vorname$ kann Größen ordnen und vergleichen.;FACH;M;02;E1
#M12.07=$Vorname$ ist in der Lage, selbstständig Daten zu sammeln und sie in Diagrammen und Tabellen übersichtlich darzustellen.;FACH;M;02;E1
#M12.08=$Vorname$ kann geometrische Formen mit den entsprechenden Fachbegriffen beschreiben.;FACH;M;02;E1
#M12.09=$Vorname$ kann Figuren nachlegen, zusammensetzen oder ausschneiden.;FACH;M;02;E1
#M12.10=In den Grundrechenarten Addition und Subtraktion kann $Vorname$im Zahlenraum bis 100 sehr sicher rechnen. Dabei wendet &er%sie& verschiedene Rechenwege und bekannte Rechengesetze an.;FACH;M;02;E1
#M12.11=&Er%Sie& kann in den Grundrechenarten Addition und Subtraktion im Zahlenraum bis 100 sehr sicher rechnen. Dabei wendet &er%sie& verschiedene Rechenwege und bekannte Rechengesetze an.;FACH;M;02;E1
#M12.12=$Vorname$ kann in den Grundrechenarten Addition und Subtraktion im Zahlenraum bis 100 sehr sicher rechnen. Dabei wendet &er%sie& verschiedene Rechenwege und bekannte Rechengesetze an.;FACH;M;02;E1
#M12.13=Es gelingt &ihm%ihr&, auch komplexe Kopfrechenaufgaben im Zahlenraum bis 100 zügig und sehr sicher zu lösen.;FACH;M;02;E1
#M12.14=&Er%Sie& ist in der Lage, auch komplexe Kopfrechenaufgaben im Zahlenraum bis 100 zügig und sehr sicher zu lösen.;FACH;M;02;E1
#M12.15=$Vorname$ ist in der Lage, auch komplexe Kopfrechenaufgaben im Zahlenraum bis 100 zügig und sehr sicher zu lösen.;FACH;M;02;E1
#M12.16=Bei der Multiplikation und Division verfügt $Vorname$ über die Grundvorstellungen und hat die Aufgaben des kleinen Einmaleins hervorragend automatisiert.;FACH;M;02;E1
#M12.17=&Er%Sie& verfügt über die Grundvorstellung der Multiplikation und Division und hat die Aufgaben des kleinen Einmaleins hervorragend automatisiert.;FACH;M;02;E1
#M12.18=$Vorname$ verfügt über die Grundvorstellung der Multiplikation und Division und hat die Aufgaben des kleinen Einmaleins hervorragend automatisiert.;FACH;M;02;E1
#M12.19=Es gelingt &ihm%ihr&, die Lagebeziehungen zu erkennen sowie alle ebenen Figuren und geometrischen Körper mit den wichtigsten Eigenschaften zu beschreiben.;FACH;M;02;E1
#M12.20=&Er%Sie& erkennt die Lagebeziehungen sowie alle ebenen Figuren und geometrischen Körper mit den wichtigsten Eigenschaften.;FACH;M;02;E1
#M12.21=$Vorname$ erkennt die Lagebeziehungen sowie alle ebenen Figuren und geometrischen Körper mit den wichtigsten Eigenschaften.;FACH;M;02;E1
#M12.22=Die Begriffe Spiegelbild und Symmetrie kennt &er%sie& und kann sie stets sicher anwenden.;FACH;M;02;E1
#M12.23=&Er%Sie& kennt die Begriffe Spiegelbild und Symmetrie und kann sie stets sicher anwenden.;FACH;M;02;E1
#M12.24=$Vorname$ kennt die Begriffe Spiegelbild und Symmetrie und kann sie stets sicher anwenden.;FACH;M;02;E1
#M12.25=In den Bereichen Geld, Längen und Zeit kennt &Er%Sie& sich gut aus. &Er%Sie& kann Uhrzeiten lesen und mit Zeitspannen sehr sicher rechnen sowie zunehmend anspruchsvollere Sachaufgaben lösen.;FACH;M;02;E1
#M12.26=&Er%Sie& kennt sich in den Bereichen Geld, Längen und Zeit gut aus. &Er%Sie& kann Uhrzeiten lesen und mit Zeitspannen sehr sicher rechnen sowie zunehmend anspruchsvollere Sachaufgaben lösen.;FACH;M;02;E1
#M12.27=$Vorname$ kennt sich in den Bereichen Geld, Längen und Zeit gut aus. &Er%Sie& kann Uhrzeiten lesen und mit Zeitspannen sehr sicher rechnen  sowie zunehmend anspruchsvollere Sachaufgaben lösen.;FACH;M;02;E1
#M12.28=Die Maßeinheiten kann &Er%Sie& sehr sicher zuordnen und umwandeln sowie zunehmend anspruchsvollere Sachaufgaben lösen.;FACH;M;02;E1
#M12.29=&Er%Sie& kann die Maßeinheiten sehr sicher zuordnen und umwandeln sowie zunehmend anspruchsvollere Sachaufgaben lösen.;FACH;M;02;E1
#M12.30=$Vorname$ kann die Maßeinheiten sehr sicher zuordnen und umwandeln sowie zunehmend anspruchsvollere Sachaufgaben lösen.;FACH;M;02;E1
#M12.31=Es gelingt &ihm%ihr&, Diagramme und Tabellen sehr gut zu erstellen und ihnen alle Infornationen zu entnehmen.;FACH;M;02;E1
#M12.32=&Er%Sie& kann Diagramme und Tabellen sehr gut erstellen und ihnen alle Informationen entnehmen.;FACH;M;02;E1
#M12.33=$Vorname$ kann Diagramme und Tabellen sehr gut erstellen und ihnen alle Informationen entnehmen.;FACH;M;02;E1
#M12.34=Problemlösende Aufgaben kann $Vorname$ systematisch und zielorientiert bearbeiten. &Er%Sie& kann eigene Rechenwege darstellen und begründen sowie Gesetzmäßigkeiten selbstständig nachvollziehen.;FACH;M;02;E1
#M12.35=&Er%Sie& ist in der Lage, problemlösende Aufgaben systematisch und zielorientiert zu bearbeiten. &Er%Sie& kann eigene Rechenwege darstellen und begründen sowie Gesetzmäßigkeiten selbstständig nachvollziehen.;FACH;M;02;E1
#M12.36=$Vorname$ ist in der Lage, problemlösende Aufgaben systematisch und zielorientiert zu bearbeiten. &Er%Sie& kann eigene Rechenwege darstellen und begründen sowie Gesetzmäßigkeiten selbstständig nachvollziehen.;FACH;M;02;E1
#M13.01=Im Zahlenraum bis 20 bewältigt $Vorname$ geübte Plus- und Minusaufgaben recht langsam, aber meist selbstständig.;FACH;M;03;E1
#M13.02=$Vorname$ löst Sachaufgaben löst mit Hilfen.;FACH;M;03;E1
#M13.03=$Vorname$ kann einfache Additions- und Subtraktionsaufgaben im Zahlenraum bis 20 selbstständig lösen, jedoch bereitet $Vorname$ die Zehnerüberschreitung noch einige Mühe.;FACH;M;03;E1
#M13.04=xy kann bekannte Aufgabenstellungen teilweise in neue Zusammenhänge übertragen.;FACH;M;03;E1
#M13.05=$Vorname$ kann Geldbeträge meist richtig bestimmen und recht sicher mit ihnen rechnen.;FACH;M;03;E1
#M13.06=$Vornaem$ kann mit Anleitung Größen ordnen und vergleichen.;FACH;M;03;E1
#M13.07=$Vorname$ ist zunehmend in der Lage, Daten zu sammeln und kann sie schon teilweise in Diagrammen und Tabellen übersichtlich darstellen.;FACH;M;03;E1
#M13.08=$Vorname$ kennt die wichtigsten Fachbegriffe für geometrische Formen und ihre Teile und wendet sie meist richtig an.;FACH;M;03;E1
#M13.09=$Vorname$ kann mit Unterstützung Figuren nachlegen, zusammensetzen oder ausschneiden.;FACH;M;03;E1
#M13.10=In den Grundrechenarten Addition und Subtraktion kann $Vorname$ im Zahlenraum bis 1000 sehr sicher rechnen. Dabei wendet &Er%Sie& verschiedene Rechenwege und bekannte Rechengesetze an.;FACH;M;03;E1
#M13.11=&Er%Sie& kann in den Grundrechenarten Addition und Subtraktion im Zahlenraum bis 1000 sehr sicher rechnen. Dabei wendet &Er%Sie& verschiedene Rechenwege und bekannte Rechengesetze an.;FACH;M;03;E1
#M13.12=$Vorname$ kann in den Grundrechenarten Addition und Subtraktion im Zahlenraum bis 1000 sehr sicher rechnen. Dabei wendet &Er%Sie& verschiedene Rechenwege und bekannte Rechengesetze an.;FACH;M;03;E1
#M13.13=Es gelingt &ihm%ihr&, auch komplexe Kopfrechenaufgaben im Zahlenraum bis 1000 zügig zu lösen.;FACH;M;03;E1
#M13.14=&Er%Sie& ist in der Lage, auch komplexe Kopfrechenaufgaben im Zahlenraum bis 1000 zügig zu lösen.;FACH;M;03;E1
#M13.15=$Vorname$ ist in der Lage, auch komplexe Kopfrechenaufgaben im Zahlenraum bis 1000 zügig zu lösen.;FACH;M;03;E1
#M13.16=Über die Grundvorstellung der Multiplikation und Division verfügt &Er%Sie& und hat die Aufgaben des kleinen Einmaleins automatisiert.;FACH;M;03;E1
#M13.17=&Er%Sie& verfügt über die Grundvorstellung der Multiplikation und Division und hat die Aufgaben des kleinen Einmaleins automatisiert.;FACH;M;03;E1
#M13.18=$Vorname$ verfügt über die Grundvorstellung der Multiplikation und Division und hat die Aufgaben des kleinen Einmaleins automatisiert.;FACH;M;03;E1
#M13.19=Es gelingt &ihm%ihr& die Lagebeziehungen sowie die zentralen ebenen Figuren und geometrischen Körper mit den wichtigsten Eigenschaften zu erkennen.;FACH;M;03;E1
#M13.20=&Er%Sie& erkennt die Lagebeziehungen sowie die zentralen ebenen Figuren und geometrischen Körper mit den wichtigsten Eigenschaften.;FACH;M;03;E1
#M13.21=$Vorname$ erkennt die Lagebeziehungen sowie die zentralen ebenen Figuren und geometrischen Körper mit den wichtigsten Eigenschaften.;FACH;M;03;E1
#M13.22=Die Begriffe Spiegelbild und Symmetrie kennt &Er%Sie& und kann sie stets sicher anwenden.;FACH;M;03;E1
#M13.23=&Er%Sie& kennt die Begriffe Spiegelbild und Symmetrie und kann sie stets sicher anwenden.;FACH;M;03;E1
#M13.24=$Vorname$ kennt die Begriffe Spiegelbild und Symmetrie und kann sie stets sicher anwenden.;FACH;M;03;E1
#M13.25=In den Bereichen Geld, Längen und Zeit zeigt $Vorname$ stets sichere sachrechnerische Fertigkeiten. &Er%Sie& kann Uhrzeiten lesen und mit Zeitspannen sehr sicher rechnen.;FACH;M;03;E1
#M13.26=&Er%Sie& zeigt stets sichere sachrechnerische Fertigkeiten in den Bereichen Geld, Längen und Zeit. &Er%Sie& kann Uhrzeiten lesen und mit Zeitspannen sehr sicher rechnen.;FACH;M;03;E1
#M13.27=$Vorname$ zeigt stets sichere sachrechnerische Fertigkeiten in den Bereichen Geld, Längen und Zeit. &Er%Sie& kann Uhrzeiten lesen und mit Zeitspannen sehr sicher rechnen.;FACH;M;03;E1
#M13.28=Die Maßeinheiten kann &Er%Sie& sehr sicher zuordnen und umwandeln sowie anspruchsvolle Sachaufgaben lösen.;FACH;M;03;E1
#M13.29=&Er%Sie& kann die Maßeinheiten sehr sicher zuordnen und umwandeln sowie anspruchsvolle Sachaufgaben lösen.;FACH;M;03;E1
#M13.30=$Vorname$ kann die Maßeinheiten sehr sicher zuordnen und umwandeln sowie anspruchsvolle Sachaufgaben lösen.;FACH;M;03;E1
#M13.31=Es gelingt &ihm%ihr& Diagramme und Tabellen zu erstellen und ihnen alle Informationen zu entnehmen.;FACH;M;03;E1
#M13.32=&Er%Sie& kann Diagramme und Tabellen erstellen und ihnen alle Informationen entnehmen.;FACH;M;03;E1
#M13.33=$Vorname$ kann Diagramme und Tabellen erstellen und ihnen alle Informationen entnehmen.;FACH;M;03;E1
#M13.34=Problemlösende Aufgaben kann &Er%Sie& systematisch und zielorientiert bearbeiten. &Er%Sie& kann eigene Rechenwege darstellen und begründen sowie Gesetzmäßigkeiten selbstständig nachvollziehen.;FACH;M;03;E1
#M13.35=&Er%Sie& ist in der Lage, problemlösende Aufgaben systematisch und zielorientiert zu bearbeiten. &Er%Sie& kann eigene Rechenwege darstellen und begründen sowie Gesetzmäßigkeiten selbstständig nachvollziehen.;FACH;M;03;E1
#M13.36=$Vorname$ ist in der Lage, problemlösende Aufgaben systematisch und zielorientiert zu bearbeiten. &Er%Sie& kann eigene Rechenwege darstellen und begründen sowie Gesetzmäßigkeiten selbstständig nachvollziehen.;FACH;M;03;E1
#M14.01=In Mathematik kann $Vorname$ Plus- und Minusaufgaben mit zweistelligen Zahlen lösen, doch benötigt $Vorname$ zum Abzählen die Finger und $Vorname$ verrechnet sich dabei häufig.;FACH;M;04;E1
#M14.02=$Vorname$ benötigt oft viel Zeit und zusätzliche Hilfen um Plus-, Minus- und Ergänzungsaufgaben zu lösen.;FACH;M;04;E1
#M14.03=Auch mit dem Lösen von Sachaufgaben hat $Vorname$ öfter noch große Mühe.;FACH;M;04;E1
#M14.04=Es fällt $Vorname$ schwer, Geldbeträge zu bestimmen und mit ihnen zu rechnen.;FACH;M;04;E1
#M14.05=$Vorname$ kann nur mit Anschauungsmaterial Größen ordnen und vergleichen.;FACH;M;04;E1
#M14.06=$Vorname$ benötigt viel Unterstützung, um Daten zu sammeln und sie in Diagrammen und Tabellen übersichtlich darzustellen.;FACH;M;04;E1
#M14.07=$Vorname$ kann geometrische Formen teilweise mit den entsprechenden Fachbegriffen beschreiben.;FACH;M;04;E1
#M14.08=$Vorname$ hat große Schwierigkeiten, Figuren nachzulegen, zusammenzusetzen oder auszuschneiden.;FACH;M;04;E1
#M15.01=$Vorname$ benötigt oft viel Zeit und zusätzliche Hilfen um Plus-, Minus- und Ergänzungsaufgaben zu lösen.;FACH;M;05;E1
#M15.02=$Vorname$ kann Plus- und Minusaufgaben mit Zehnerüberschreitung noch nicht lösen.;FACH;M;05;E1
#M15.03=Auch mit dem Lösen von Sachaufgaben hat $Vorname$ große Mühe.;FACH;M;05;E1
#M15.04=$Vorname$ kann Größen noch nicht ordnen und vergleichen.;FACH;M;05;E1
#M15.05=$Vorname$ kann Geldbeträge noch nicht bestimmen und mit ihnen rechnen.;FACH;M;05;E1
#M15.06=$Vorname$ hat noch Schwierigkeiten, Daten zu sammeln und sie in Diagrammen und Tabellen übersichtlich darzustellen.;FACH;M;05;E1
#M15.07=$Vorname$ kann Figuren noch nicht korrekt nachlegen, zusammensetzen oder ausschneiden.;FACH;M;05;E1
#M15.08=$Vorname$ kann geometrische Formen noch nicht mit den entsprechenden Fachbegriffen beschreiben.;FACH;M;05;E1
#M21.01=$Vorname$ kann in den Grundrechenarten Addition und Subtraktion sicher und schnell im Zahlenraum bis 100 rechnen, Zahlen miteinander vergleichen, richtige Zeichen verwenden und verschiedene Rechenwege nutzen.;FACH;M;01;E2
#M21.02=$Vorname$ verfügt über die Grundvorstelllungen der Multiplikation, Division und hat die Kernaufgaben des kleinen Einmaleins automatisiert.;FACH;M;01;E2
#M21.03=Darüber hinaus kann sich $Vorname$ sehr sicher im Zahlenraum bis 1000 orientieren und mit glatten Zehnerzahlen rechnen. ;FACH;M;01;E2
#M21.04=$Vorname$ kann geometrische Grundfertigkeiten sehr sicher ausführen, kennt die elementaren Lagebeziehungen, sowie die zentralen ebenen Figuren und deren wichtigsten Eigenschaften.;FACH;M;01;E2
#M21.05=$Vorname$ besitzt sehr sicheres Grundwissen und fundierte Größenvorstellungen in den Bereichen Geld, Längen und Zeit;FACH;M;01;E2
#M21.06=$Vorname$ kann anspruchsvolle Sachaufgaben sehr sicher lösen.;FACH;M;01;E2
#M21.07=Es gelingt $Vorname$ sicher, &seine%ihre& mathematischen Kenntnisse auf Sachaufgaben und neue Aufgabenstellungen zu übertragen;FACH;M;01;E2
#M21.08=&Er%Sie& ist entdeckt selbstständig eigene Lösungswege und führt entsprechende Rechenoperationen sicher aus. ;FACH;M;01;E2
#M21.09=$Vorname$ ist in der Lage selbständig problemlösende Aufgaben zu bearbeiten, indem &Er%Sie& Strategien entwickelt und anwendet.;FACH;M;01;E2
#M21.10=Im Zahlenraum bis 20 kann &Er%Sie& sich gut orientieren.;FACH;M;01;E2
#M21.11=&Er%Sie& kann sich im Zahlenraum bis 20 gut orientieren.;FACH;M;01;E2
#M21.12=$Vorname$ kann sich im Zahlenraum bis 20 gut orientieren.;FACH;M;01;E2
#M21.13=Additions- und Subtraktionsaufgaben kann $Vorname$ im Zahlenraum bis 20 sicher rechnen. Dabei ist $Vorname$ stets in der Lage, auch Kopfrechenaufgaben zügig zu lösen.;FACH;M;01;E2
#M21.14=&Er%Sie& kann Additions- und Subtraktionsaufgaben im Zahlenraum bis 20 sicher rechnen. Dabei ist $Vorname$ stets in der Lage, auch Kopfrechenaufgaben zügig zu lösen. ;FACH;M;01;E2
#M21.15=$Vorname$ kann Additions- und Subtraktionsaufgaben im Zahlenraum bis 20 sicher rechnen. Dabei ist $Vorname$ stets in der Lage, auch Kopfrechenaufgaben zügig zu lösen. ;FACH;M;01;E2
#M21.16=Ziffern schreibt $Vorname$ formgerecht.;FACH;M;01;E2
#M21.17=&Er%Sie& schreibt Ziffern formgerecht.;FACH;M;01;E2
#M21.18=$Vorname$ schreibt Ziffern formgerecht.;FACH;M;01;E2
#M21.19=Es gelingt &ihm%ihr& sicher, den eingeführten Grundformen und geometrischen Körpern, die entsprechenden Fachbegriffe selbstständig zu zuordnen.;FACH;M;01;E2
#M21.20=&Er%Sie& ist sicher in der Lage, den eingeführten Grundformen und geometrischen Körpern, die entsprechenden Fachbegriffe selbstständig zu zuordnen.;FACH;M;01;E2
#M21.21=$Vorname$ ist sicher in der Lage, den eingeführten Grundformen und geometrischen Körpern, die entsprechenden Fachbegriffe selbstständig zu zuordnen.;FACH;M;01;E2
#M21.22=Geometrische Grundfertigkeiten wie Legen, Zeichnen und Bauen führt $Vorname$ sicher aus.;FACH;M;01;E2
#M21.23=&Er%Sie& führt geometrische Grundfertigkeiten wie Legen, Zeichnen und Bauen sicher aus.;FACH;M;01;E2
#M21.24=$Vorname$ führt geometrische Grundfertigkeiten wie Legen, Zeichnen und Bauen sicher aus.;FACH;M;01;E2
#M21.25=Es gelingt &ihm%ihr& mit Größen wie Längen und Geldwerten zu rechnen.;FACH;M;01;E2
#M21.26=&Er%Sie& kann mit Größen wie Längen und Geldwerten rechnen.;FACH;M;01;E2
#M21.27=$Vorname$ kann mit Größen wie Längen und Geldwerten rechnen.;FACH;M;01;E2
#M21.28=Einfache Uhrzeiten kann $Vorname$ lesen.;FACH;M;01;E2
#M21.29=&Er%Sie& kann einfache Uhrzeiten lesen.;FACH;M;01;E2
#M21.30=$Vorname$ kann einfache Uhrzeiten lesen.;FACH;M;01;E2
#M21.31=Es gelingt &ihm%ihr&, Längen und Geldbeträge sicher zu vergleichen und zu ordnen.;FACH;M;01;E2
#M21.32=&Er%Sie& ist in der Lage, Längen und Geldbeträge sicher zu vergleichen und zu ordnen.;FACH;M;01;E2
#M21.33=$Vorname$ ist in der Lage, Längen und Geldbeträge sicher zu vergleichen und zu ordnen.;FACH;M;01;E2
#M21.34=Es gelingt &ihm%ihr& mathematische Auffälligkeiten zu entdecken sowie Strategien nachzuvollziehen und darzustellen.;FACH;M;01;E2
#M21.35=&Er%Sie& kann mathematische Auffälligkeiten entdecken sowie Strategien nachvollziehen und darstellen.;FACH;M;01;E2
#M21.36=$Vorname$ kann mathematische Auffälligkeiten entdecken sowie Strategien nachvollziehen und darstellen.;FACH;M;01;E2
#M21.37=Es gelingt &ihm%ihr& mathematische Auffälligkeiten zu entdecken sowie Strategien nachzuvollziehen und darzustellen.;FACH;M;01;E2
#M21.38=&Er%Sie& kann mathematische Auffälligkeiten entdecken sowie Strategien nachvollziehen und darstellen.;FACH;M;01;E2
#M21.39=$Vorname$ kann mathematische Auffälligkeiten entdecken sowie Strategien nachvollziehen und darstellen.;FACH;M;01;E2
#M22.01=$Vorname$ kann sich sicher im Zahlenraum bis 1000 orientieren und mit glatten Zehnerzahlen rechnen. ;FACH;M;02;E2
#M22.02=$Vorname$ beherrscht die erlernten Einmaleinsaufgaben und die entsprechenden Divisionsaufgaben zuverlässig.;FACH;M;02;E2
#M22.03=Es gelingt $Vorname$, &Seine%Ihre& mathematischen Kenntnisse auf Sachaufgaben und neue Aufgabenstellungen zu übertragen. ;FACH;M;02;E2
#M22.04=$Vorname$ kann anspruchsvolle Sachaufgaben sicher lösen.;FACH;M;02;E2
#M22.05=$Vorname$ kann in den Grundrechenarten Addition und Subtraktion im Zahlenraum bis 100 rechnen, Zahlen miteinander vergleichen, die richtige Zeichen verwenden und verschiedene Rechenwege nutzen;FACH;M;02;E2
#M22.06= $Vorname$ kann geometrische Grundfertigkeiten schon recht sicher ausführen, kennt die elementaren Lagebeziehungen, sowie die zentralen ebenen Figuren und deren wichtigsten Eigenschaften.;FACH;M;02;E2
#M22.07=$Vorname$ besitzt sicheres Grundwissen und Größenvorstellungen in den Bereichen Geld, Längen und Zeit.;FACH;M;02;E2
#M22.08=$Vorname$ ist meistens in der Lage selbständig problemlösende Aufgaben zu bearbeiten, indem &Er%Sie& Strategien nachvollzieht und anwendet.;FACH;M;02;E2
#M22.09=$Vorname$ kann einfache Sachaufgaben sicher lösen.;FACH;M;02;E2
#M22.10=In den Grundrechenarten Addition und Subtraktion kann $Vorname$im Zahlenraum bis 100 sicher rechnen. Dabei wendet &er%sie& verschiedene Rechenwege und bekannte Rechengesetze an.;FACH;M;02;E2
#M22.11=&Er%Sie& kann in den Grundrechenarten Addition und Subtraktion im Zahlenraum bis 100 sicher rechnen. Dabei wendet &er%sie& verschiedene Rechenwege und bekannte Rechengesetze an.;FACH;M;02;E2
#M22.12=$Vorname$ kann in den Grundrechenarten Addition und Subtraktion im Zahlenraum bis 100 sicher rechnen. Dabei wendet &er%sie& verschiedene Rechenwege und bekannte Rechengesetze an.;FACH;M;02;E2
#M22.13=Es gelingt &ihm%ihr&, auch komplexe Kopfrechenaufgaben im Zahlenraum bis 100 zügig zu lösen.;FACH;M;02;E2
#M22.14=&Er%Sie& ist in der Lage, auch komplexe Kopfrechenaufgaben im Zahlenraum bis 100 zügig zu lösen.;FACH;M;02;E2
#M22.15=$Vorname$ ist in der Lage, auch komplexe Kopfrechenaufgaben im Zahlenraum bis 100 zügig zu lösen.;FACH;M;02;E2
#M22.16=Bei der Multiplikation und Division verfügt $Vorname$ über die Grundvorstellungen und hat die Aufgaben des kleinen Einmaleins hervorragend automatisiert.;FACH;M;02;E2
#M22.17=&Er%Sie& verfügt über die Grundvorstellung der Multiplikation und Division und hat die Aufgaben des kleinen Einmaleins automatisiert.;FACH;M;02;E2
#M22.18=$Vorname$ verfügt über die Grundvorstellung der Multiplikation und Division und hat die Aufgaben des kleinen Einmaleins automatisiert.;FACH;M;02;E2
#M22.19=Es gelingt &ihm%ihr&, die Lagebeziehungen zu erkennen sowie alle ebenen Figuren und geometrischen Körper mit den wichtigsten Eigenschaften zu beschreiben.;FACH;M;02;E2
#M22.20=&Er%Sie& erkennt die Lagebeziehungen  sowie alle ebenen Figuren und geometrischen Körper mit den wichtigsten Eigenschaften.;FACH;M;02;E2
#M22.21=$Vorname$ erkennt die Lagebeziehungen sowie alle ebenen Figuren und geometrischen Körper mit den wichtigsten Eigenschaften.;FACH;M;02;E2
#M22.22=Die Begriffe Spiegelbild und Symmetrie kennt &er%sie& und kann sie sicher anwenden.;FACH;M;02;E2
#M22.23=&Er%Sie& kennt die Begriffe Spiegelbild und Symmetrie und kann sie sicher anwenden.;FACH;M;02;E2
#M22.24=$Vorname$ kennt die Begriffe Spiegelbild und Symmetrie und kann sie sicher anwenden.;FACH;M;02;E2
#M22.25=In den Bereichen Geld, Längen und Zeit kennt &Er%Sie& sich gut aus. &Er%Sie& kann Uhrzeiten lesen und mit Zeitspannen sehr sicher rechnen sowie zunehmend anspruchsvollere Sachaufgaben lösen.;FACH;M;02;E2
#M22.26=&Er%Sie& kennt sich in den Bereichen Geld, Längen und Zeit gut aus. &Er%Sie& kann Uhrzeiten lesen und mit Zeitspannen sehr sicher rechnen sowie zunehmend anspruchsvollere Sachaufgaben lösen.;FACH;M;02;E2
#M22.27=$Vorname$ kennt sich in den Bereichen Geld, Längen und Zeit gut aus. &Er%Sie& kann Uhrzeiten lesen und mit Zeitspannen sehr sicher rechnen  sowie zunehmend anspruchsvollere Sachaufgaben lösen.;FACH;M;02;E2
#M22.28=Die Maßeinheiten kann &Er%Sie& zuordnen und umwandeln sowie zunehmend anspruchsvollere Sachaufgaben lösen.;FACH;M;02;E2
#M22.29=&Er%Sie& kann die Maßeinheiten zuordnen und umwandeln sowie zunehmend anspruchsvollere Sachaufgaben lösen.;FACH;M;02;E2
#M22.30=$Vorname$ kann die Maßeinheiten zuordnen und umwandeln sowie zunehmend anspruchsvollere Sachaufgaben lösen.;FACH;M;02;E2
#M22.31=Es gelingt &ihm%ihr&,  Diagramme und Tabellen sehr gut zu erstellen und ihnen alle Infornationen zu entnehmen.;FACH;M;02;E2
#M22.32=&Er%Sie& kann Diagramme und Tabellen sehr gut erstellen und ihnen alle Informationen entnehmen.;FACH;M;02;E2
#M22.33=$Vorname$ kann Diagramme und Tabellen sehr gut erstellen und ihnen alle Informationen entnehmen.;FACH;M;02;E2
#M22.34=Problemlösende Aufgaben kann $Vorname$ zielorientiert bearbeiten. &Er%Sie& kann eigene Rechenwege darstellen und begründen sowie Gesetzmäßigkeiten selbstständig nachvollziehen.;FACH;M;02;E2
#M22.35=&Er%Sie& ist in der Lage, problemlösende Aufgaben zielorientiert zu bearbeiten. &Er%Sie& kann eigene Rechenwege darstellen und begründen sowie Gesetzmäßigkeiten selbstständig nachvollziehen.;FACH;M;02;E2
#M22.36=$Vorname$ ist in der Lage, problemlösende Aufgaben zielorientiert zu bearbeiten. &Er%Sie& kann eigene Rechenwege darstellen und begründen sowie Gesetzmäßigkeiten selbstständig nachvollziehen.;FACH;M;02;E2
#M23.01=$Vorname$ kann in den Grundrechenarten Addition und Subtraktion im Zahlenraum teilweise bis 100 rechnen, Zahlen miteinander vergleichen, die richtige Zeichen verwenden und verschiedene Rechenwege mit Hilfe nachvollziehen. ;FACH;M;03;E2
#M23.02= $Vorname$ kann sich im Zahlenraum bis 100 orientieren und einfache Additions- und Subtraktionsaufgaben selbständig und sicher lösen;FACH;M;03;E2
#M23.03=$Vorname$ beherrscht die erlernten Einmaleinsaufgaben und die entsprechenden Divisionsaufgaben weitgehend zuverlässig.;FACH;M;03;E2
#M23.04=$Vorname$ verfügt über die Grundvorstelllungen der Multiplikation, Division und hat die Kernaufgaben des kleinen Einmaleins teilweise automatisiert. ;FACH;M;03;E2
#M23.05=In den Grundrechenarten Addition und Subtraktion kann $Vorname$ im Zahlenraum bis 1000 sehr sicher rechnen. Dabei wendet &Er%Sie& verschiedene Rechenwege und bekannte Rechengesetze an.;FACH;M;03;E2
#M23.06=&Er%Sie& kann in den Grundrechenarten Addition und Subtraktion im Zahlenraum bis 1000 sehr sicher rechnen. Dabei wendet &Er%Sie& verschiedene Rechenwege und bekannte Rechengesetze an.;FACH;M;03;E2
#M23.07=$Vorname$ kann in den Grundrechenarten Addition und Subtraktion im Zahlenraum bis 1000 sehr sicher rechnen. Dabei wendet &Er%Sie& verschiedene Rechenwege und bekannte Rechengesetze an.;FACH;M;03;E2
#M23.08=Es gelingt &ihm%ihr&, auch komplexe Kopfrechenaufgaben im Zahlenraum bis 1000 zu lösen.;FACH;M;03;E2
#M23.09=&Er%Sie& ist in der Lage, auch komplexe Kopfrechenaufgaben im Zahlenraum bis 1000 zu lösen.;FACH;M;03;E2
#M23.10=$Vorname$ ist in der Lage, auch komplexe Kopfrechenaufgaben im Zahlenraum bis 1000 zu lösen.;FACH;M;03;E2
#M23.11=Über die Grundvorstellung der Multiplikation und Division verfügt &Er%Sie& und hat die Aufgaben des kleinen Einmaleins automatisiert.;FACH;M;03;E2
#M23.12=&Er%Sie& verfügt über die Grundvorstellung der Multiplikation und Division und hat die Aufgaben des kleinen Einmaleins automatisiert.;FACH;M;03;E2
#M23.13=$Vorname$ verfügt über die Grundvorstellung der Multiplikation und Division und hat die Aufgaben des kleinen Einmaleins automatisiert.;FACH;M;03;E2
#M23.14=Es gelingt &ihm%ihr& die Lagebeziehungen sowie die zentralen ebenen Figuren und geometrischen Körper mit den wichtigsten Eigenschaften zu erkennen.;FACH;M;03;E2
#M23.15=&Er%Sie& erkennt die Lagebeziehungen sowie die zentralen ebenen Figuren und geometrischen Körper mit den wichtigsten Eigenschaften.;FACH;M;03;E2
#M23.16=$Vorname$ erkennt die Lagebeziehungen sowie die zentralen ebenen Figuren und geometrischen Körper mit den wichtigsten Eigenschaften.;FACH;M;03;E2
#M23.17=Die Begriffe Spiegelbild und Symmetrie kennt &Er%Sie& und kann sie sicher anwenden.;FACH;M;03;E2
#M23.18=&Er%Sie& kennt die Begriffe Spiegelbild und Symmetrie und kann sie sicher anwenden.;FACH;M;03;E2
#M23.19=$Vorname$ kennt die Begriffe Spiegelbild und Symmetrie und kann sie sicher anwenden.;FACH;M;03;E2
#M23.20=In den Bereichen Geld, Längen und Zeit zeigt &Er%Sie& sichere sachrechnerische Fertigkeiten.;FACH;M;03;E2
#M23.21=&Er%Sie& zeigt sichere sachrechnerische Fertigkeiten in den Bereichen Geld, Längen und Zeit.;FACH;M;03;E2
#M23.22=$Vorname$ zeigt sichere sachrechnerische Fertigkeiten in den Bereichen Geld, Längen und Zeit.;FACH;M;03;E2
#M23.23=Die Maßeinheiten kann &Er%Sie& zuordnen und umwandeln sowie zunehmend anspruchsvollere Sachaufgaben lösen.;FACH;M;03;E2
#M23.24=&Er%Sie& kann die Maßeinheiten zuordnen und umwandeln sowie zunehmend anspruchsvollere Sachaufgaben lösen.;FACH;M;03;E2
#M23.25=$Vorname$ kann die Maßeinheiten zuordnen und umwandeln sowie zunehmend anspruchsvollere Sachaufgaben lösen.;FACH;M;03;E2
#M23.26=Es gelingt &ihm%ihr& Diagramme und Tabellen zu erstellen und ihnen alle Informationen zu entnehmen.;FACH;M;03;E2
#M23.27=&Er%Sie& kann Diagramme und Tabellen erstellen und ihnen alle Informationen entnehmen.;FACH;M;03;E2
#M23.28=$Vorname$ kann Diagramme und Tabellen erstellen und ihnen alle Informationen entnehmen.;FACH;M;03;E2
#M23.29=Problemlösende Aufgaben kann &Er%Sie& systematisch und zielorientiert bearbeiten. &Er%Sie& kann eigene Rechenwege darstellen und begründen sowie Gesetzmäßigkeiten selbstständig nachvollziehen.;FACH;M;03;E2
#M23.30=&Er%Sie& ist in der Lage, problemlösende Aufgaben systematisch und zielorientiert zu bearbeiten. &Er%Sie& kann eigene Rechenwege darstellen und begründen sowie Gesetzmäßigkeiten selbstständig nachvollziehen.;FACH;M;03;E2
#M23.31=$Vorname$ ist in der Lage, problemlösende Aufgaben systematisch und zielorientiert zu bearbeiten. &Er%Sie& kann eigene Rechenwege darstellen und begründen sowie Gesetzmäßigkeiten selbstständig nachvollziehen.;FACH;M;03;E2
#M24.01=$Vorname$ verfügt über die Grundvorstelllungen der Multiplikation, Division und hat die Kernaufgaben des kleinen Einmaleins vereinzelt automatisiert. ;FACH;M;04;E2
#M24.02=Darüber hinaus kann $Vorname$ sich schon ansatzweise im Zahlenraum bis 1000 orientieren.;FACH;M;04;E2
#M24.03=$Vorname$ kann geometrische Grundfertigkeiten mit Hilfe ausführen, erkennt die elementaren Lagebeziehungen, sowie die zentralen ebenen Figuren und deren wichtigsten Eigenschaften.;FACH;M;04;E2
#M24.04=$Vorname$ besitzt Grundwissen und basale Größenvorstellungen in den Bereichen Geld, Längen und Zeit.;FACH;M;04;E2
#M24.05= Das selbständige Entdecken sowie Verbalisieren von Rechen- und Lösungswegen fällt $Vorname$ noch schwer. ;FACH;M;04;E2
#M24.06=$Vorname$ ist mit viel Hilfe in der Lage leichte problemlösende Aufgaben zu bearbeiten.;FACH;M;04;E2
#M24.07=$Vorname$ kann sich im Zahlenraum bis 100 orientieren und einfache Additions- und Subtraktionsaufgaben selbständig und recht sicher lösen;FACH;M;04;E2
#M33.00=&Er%Sie& ist mit Hilfe in der Lage, problemlösende Aufgaben zu bearbeiten und Rechenwege und Gesetzmäßigkeiten nachzuvollziehen.;FACH;M;03;03
#M33.01=$Vorname$ beherrscht die Aufgaben des Einmaleins sehr sicher.;FACH;M;03;03
#M33.02=&Er%Sie& löste Aufgaben zum Erfassen, Fortsetzen und Anfertigen von Spiegelungen und geometrischen Mustern durchweg sicher und (nahezu) fehlerfrei.;FACH;M;03;03
#M33.03=&Er%Sie& legt, baut und zeichnet selbstständig mit geometrischen Formen und Körpern und kann diesen durchweg spezifische Eigenschaften zuordnen.;FACH;M;03;03
#M33.04=$Vorname$ hat eine klare Größenvorstellung in den eingeführten Bereichen entwickelt und kann verschiedene grafische Darstellungsformen eigenständig sinnvoll nutzen;FACH;M;03;03
#M33.05=$Vorname$ misst Längen/Zeitspannen/Hohlmaße sehr präzise und stellt diese fehlerfrei in anderen Einheiten dar.;FACH;M;03;03
#M33.06=$Vorname$ kann auch sehr schwierige Sachaufgaben lösen und eigene Aufgaben finden. &Er%Sie& ist in der Lage, gefundene Lösungswege auf andere Problemstellungen zu übertragen.;FACH;M;03;03
#M33.07=Geometrische Formen baut und zeichnet &er%sie& sicher und kann Körpern spezifische Eigenschaften zuordnen. ;FACH;M;03;03
#M33.08=Daten aus Texten und Schaubildern entnimmt &er%sie& fehlerfrei und stellt diese in Tabllen und Diagrammen korrekt dar.;FACH;M;03;03
#M33.09=Die Gewinnchancen aus Zufallsexperimenten schätzt &er%sie& sinnvoll ein und überprüfte &seine%ihre& Prognosen durch systematisches Experimentieren.;FACH;M;03;03
#M33.10=Strategien zum Lösen problemorientierter Aufgaben findet und erprobt &er%sie& selbstständig.;FACH;M;03;03
#M33.11=$Vorname$ beherrscht die Aufgaben des Einmaleins sicher. ;FACH;M;03;03
#M33.12=$Vorname$ entnimmt selbstständig Daten aus Texten und Schaubildern . &Er%Sie& stellt diese in Tabellen und Diagrammen fast immer korrekt dar.;FACH;M;03;03
#M33.13=$Vorname$ hat eine klare Größenvorstellung in den eingeführten Bereichen entwickelt und kann verschiedene grafische Darstellungsformen eigenständig nutzen.;FACH;M;03;03
#M33.14=$Vorname$ misst Längen/Zeitspannen/Hohlmaße präzise und stellt diese (meistens) fehlerfrei/sicher in anderen Einheiten dar.;FACH;M;03;03
#M33.15=$Vorname$ kann schwierige Sachaufgaben lösen und eigene Aufgaben finden. &Er%Sie& ist in der Lage, gefundene Lösungswege auf andere Problemstellungen zu übertragen.;FACH;M;03;03
#M33.16=&Er%Sie& legt, baut und zeichnet (überwiegend) selbstständig mit geometrischen Formen und Körpern und kann diesen (fast immer/meistens) spezifische Eigenschaften zuordnen.;FACH;M;03;03
#M33.17=Geometrische Muster und Spiegelungen erfasste &er%sie& schnell und konnte diese überwiegend/meistens korrekt fortführen.;FACH;M;03;03
#M33.18=Die Gewinnchancen aus Zufallsexperimenten schätzt &er%sie& meistens realistisch ein und überprüfte &seine%ihre& Prognosen durch Experimentieren.;FACH;M;03;03
#M33.19= Strategien zum Lösen problemorientierter Aufgaben findet &er%sie& meistens selbstständig.;FACH;M;03;03
#M33.20=$Vorname$ beherrscht die behandelten Grundrechenarten im Zahlenraum bis 1000 überwiegend sicher. &Er%Sie& kann zunehmend selbstständig damit umgehen und auch häufiger Rechenvorteile nutzen. &Er%Sie& verfügt über Kenntnisse beim Kopfrechnen. ;FACH;M;03;03
#M33.21=$Vorname$ beherrscht die Aufgaben des Einmaleins zufriedenstellend. $Vorname$ löst die Aufgaben des kleinen Einmaleins zunehmend fehlerfrei, benötigt jedoch noch viel Zeit dafür. ;FACH;M;03;03
#M33.22=$Vorname$ misst Längen/Zeitspannen/Hohlmaße meistens richtig und stellt diese überwiegend sicher in anderen Einheiten dar.;FACH;M;03;03
#M33.23=$Vorname$ entnimmt überwiegend selbstständig Daten aus Texten und Schaubildern. &Er%Sie& stellt diese in Tabllen und Diagrammen meistens richtig dar.;FACH;M;03;03
#M33.24=$Vorname$ hat im Allgemeinen eine Größenvorstellung in den eingeführten Bereichen entwickelt und kann einfache grafische Darstellungsformen nutzen.;FACH;M;03;03
#M33.25=$Vorname$ kann Sachaufgaben lösen, das Finden eigener Aufgaben gelingt ihm teilweise. ;FACH;M;03;03
#M33.26=Aufgaben zum Erfassen, Fortsetzen und Anfertigen von Spiegelungen und geometrischen Mustern löst &er%sie& oft richtig.;FACH;M;03;03
#M33.27=&Er%Sie& legt, baut und zeichnet zunehmend selbstständig mit geometrischen Formen und Körpern und kann den meisten spezifische Eigenschaften zuordnen.;FACH;M;03;03
#M33.28=Die Gewinnchancen aus Zufallsexperimenten schätzt &er%sie& oft realistisch ein und überprüft manche Zusammenhänge durch Experimentieren.;FACH;M;03;03
#M33.29=$Vorname$ findet teilweise eigenständig Strategien zum Lösen problemorientierter Aufgaben.;FACH;M;03;03
#M33.30=$Vorname$ beherrscht einen Teil der Aufgaben des Einmaleins. ;FACH;M;03;03
#M33.31= $Vorname$ kann mit (viel) Unterstützung Sachaufgaben lösen und eigene Aufgaben finden.;FACH;M;03;03
#M33.32=$Vorname$ entnimmt mit etwas/viel Hilfe Daten aus Texten und Schaubildern. &Er%Sie& überträgt diese mit Unterstützung in Schaubilder oder Tabellen.;FACH;M;03;03
#M33.33=$Vorname$ misst Längen/Zeitspannen/Hohlmaße teilweise/vereinzelt richtig und stellt diese teilweise richtig in anderen Einheiten dar.;FACH;M;03;03
#M33.34= $Vorname$ hat in Ansätzen eine Größenvorstellung in den eingeführten Bereichen entwickelt und kann vereinzelt einfache grafische Darstellungsformen nutzen.;FACH;M;03;03
#M33.35=$Vorname$ erkennt geometrischen Formen und Körper, kann aber nur wenigen spezifische Eigenschaften zuordnen.;FACH;M;03;03
#M33.36=Aufgaben zum Erfassen, Fortsetzen und Anfertigen von Spiegelungen und geometrischen Mustern löste &er%sie& teilweise/mit etwas Unterstützung/mit viel Unterstützung.;FACH;M;03;03
#M33.37=$Vorname$ beherrscht die behandelten Grundrechenarten im Zahlenraum bis 1000 kaum und kann Aufgaben nur mit Hilfe lösen. &Er%Sie& nutzt selten Rechenvorteile und kann seine/ihre Denkvorgänge nur schwer beschreiben. ;FACH;M;03;03
#M33.38=$Vorname$ beherrscht einzelne Aufgaben des Einmaleins.;FACH;M;03;03
#M33.39=Aufgaben zum Erfassen, Fortsetzen und Anfertigen von Spiegelungen und geometrischen Mustern löst $Vorname$ nur mit Unterstützung.;FACH;M;03;03
#M33.40=&Er%Sie& hat Schwierigkeiten geometrischen Formen und Körpern aufgrund ihrer spezifische Eigenschaften zu unterscheiden. ;FACH;M;03;03
#M33.41=Im Zahlenraum bis 1000 hat $Vorname$ größte Mühe sich zu orientieren und ohne Anschauungsmaterialien Rechenoperationen durchzuführen. ;FACH;M;03;03
#M33.42=$Vorname$ zeigt wenig Sicherheit im Umgang und der Vorstellung verschiedener Größen. &Er%Sie& misst Längen/Zeitspannen/Hohlmaße noch nicht richtig und kann diese selten in anderen Einheiten richtig darstellen. ;FACH;M;03;03
#M33.43=Es fällt $Vorname$ noch schwer zu Sachaufgaben mathematische Lösungsansätze zu finden und wichtige Informationen aus Texten zu entnehmen. ;FACH;M;03;03
#M33.44=$Vorname$ kann die Anzahl verschiedener Möglichkeiten bei kombinatorischen Aufgabenstellungen noch nicht bestimmen. In Mathematik hat &er%sie& zudem große Schwierigkeiten, die Wahrscheinlichkeit von einfachen Ereignissen zu beschreiben. ;FACH;M;03;03
#M33.45=Im Zahlenraum bis 20 kann &Er%Sie& sich orientieren.;FACH;M;03;03
#M33.46=&Er%Sie& kann sich im Zahlenraum bis 20 orientieren.;FACH;M;03;03
#M33.47=$Vorname$ kann sich im Zahlenraum bis 20 orientieren.;FACH;M;03;03
#M33.48=Additions- und Subtraktionsaufgaben kann $Vorname$ im Zahlenraum bis 20 rechnen. Dabei ist $Vorname$ meist in der Lage, auch Kopfrechenaufgaben zügig zu lösen.;FACH;M;03;03
#M33.49=&Er%Sie& kann Additions- und Subtraktionsaufgaben im Zahlenraum bis 20 rechnen. Dabei ist $Vorname$ meist in der Lage, auch Kopfrechenaufgaben zügig zu lösen.;FACH;M;03;03
#M33.50=$Vorname$ kann Additions- und Subtraktionsaufgaben im Zahlenraum bis 20 rechnen. Dabei ist $Vorname$ meist in der Lage, auch Kopfrechenaufgaben zügig zu lösen.;FACH;M;03;03
#M33.51=Ziffern schreibt $Vorname$ meist formgerecht.;FACH;M;03;03
#M33.52=&Er%Sie& schreibt Ziffern meist formgerecht.;FACH;M;03;03
#M33.53=$Vorname$ schreibt Ziffern meist formgerecht.;FACH;M;03;03
#M33.54=Es gelingt &ihm%ihr&, den eingeführten Grundformen und geometrischen Körpern, die entsprechenden Fachbegriffe zu zuordnen.;FACH;M;03;03
#M33.55=&Er%Sie& ist in der Lage, den eingeführten Grundformen und geometrischen Körpern, die entsprechenden Fachbegriffe zu zuordnen.;FACH;M;03;03
#M33.56=$Vorname$ ist in der Lage, den eingeführten Grundformen und geometrischen Körpern, die entsprechenden Fachbegriffe zu zuordnen.;FACH;M;03;03
#M33.57=Geometrische Grundfertigkeiten wie Legen, Zeichnen und Bauen führt $Vorname$ aus.;FACH;M;03;03
#M33.58=&Er%Sie& führt geometrische Grundfertigkeiten wie Legen, Zeichnen und Bauen aus.;FACH;M;03;03
#M33.59=$Vorname$ führt geometrische Grundfertigkeiten wie Legen, Zeichnen und Bauen aus.;FACH;M;03;03
#M33.60=Meistens kann $Vorname$ mit Größen wie Längen und Geldwerten rechnen.;FACH;M;03;03
#M33.61=&Er%Sie& kann meistens mit Größen wie Längen und Geldwerten rechnen.;FACH;M;03;03
#M33.62=$Vorname$ kann meistens mit Größen wie Längen und Geldwerten rechnen.;FACH;M;03;03
#M33.63=Einfache Uhrzeiten kann $Vorname$ häufig lesen.;FACH;M;03;03
#M33.64=&Er%Sie& kann einfache Uhrzeiten häufig lesen.;FACH;M;03;03
#M33.65=$Vorname$ kann einfache Uhrzeiten häufig lesen.;FACH;M;03;03
#M33.66=Es gelingt &ihm%ihr&, Längen und Geldbeträge zu vergleichen und zu ordnen.;FACH;M;03;03
#M33.67=&Er%Sie& ist in der Lage, Längen und Geldbeträge zu vergleichen und zu ordnen.;FACH;M;03;03
#M33.68=$Vorname$ ist in der Lage, Längen und Geldbeträge zu vergleichen und zu ordnen.;FACH;M;03;03
#M33.69=Es gelingt &ihm%ihr& meist mathematische Auffälligkeiten zu entdecken sowie Strategien nachzuvollziehen und darzustellen.;FACH;M;03;03
#M33.70=&Er%Sie& kann mathematische Auffälligkeiten meist entdecken sowie Strategien nachvollziehen und darstellen.;FACH;M;03;03
#M33.71=$Vorname$ kann mathematische Auffälligkeiten meist entdecken sowie Strategien nachvollziehen und darstellen.;FACH;M;03;03
#M33.72=Es gelingt &ihm%ihr& meist mathematische Auffälligkeiten zu entdecken sowie Strategien nachzuvollziehen und darzustellen.;FACH;M;03;03
#M33.73=&Er%Sie& kann mathematische Auffälligkeiten meist entdecken sowie Strategien nachvollziehen und darstellen.;FACH;M;03;03
#M33.74=$Vorname$ kann mathematische Auffälligkeiten meist entdecken sowie Strategien nachvollziehen und darstellen.;FACH;M;03;03
#M33.75=In den Grundrechenarten Addition und Subtraktion kann $Vorname$ im Zahlenraum bis 100 rechnen. Dabei wendet &er%sie& meistens verschiedene Rechenwege und bekannte Rechengesetze an.;FACH;M;03;03
#M33.76=&Er%Sie& kann in den Grundrechenarten Addition und Subtraktion im Zahlenraum bis 100 rechnen. Dabei wendet &er%sie& meistens verschiedene Rechenwege und bekannte Rechengesetze an.;FACH;M;03;03
#M33.77=$Vorname$ kann in den Grundrechenarten Addition und Subtraktion im Zahlenraum bis 100 rechnen. Dabei wendet &er%sie& meistens verschiedene Rechenwege und bekannte Rechengesetze an.;FACH;M;03;03
#M33.78=Es gelingt &ihm%ihr&, Kopfrechenaufgaben im Zahlenraum bis 100 zu lösen.;FACH;M;03;03
#M33.79=&Er%Sie& ist in der Lage, Kopfrechenaufgaben im Zahlenraum bis 100 zu lösen.;FACH;M;03;03
#M33.80=$Vorname$ ist in der Lage, Kopfrechenaufgaben im Zahlenraum bis 100 zu lösen.;FACH;M;03;03
#M33.81=Bei der Multiplikation und Division verfügt $Vorname$ über die Grundvorstellungen und hat die Kernaufgaben des kleinen Einmaleins automatisiert.;FACH;M;03;03
#M33.82=&Er%Sie& verfügt über die Grundvorstellung der Multiplikation und Division und hat die Kernaufgaben des kleinen Einmaleins automatisiert.;FACH;M;03;03
#M33.83=$Vorname$ verfügt über die Grundvorstellung der Multiplikation und Division und hat die Kernaufgaben des kleinen Einmaleins automatisiert.;FACH;M;03;03
#M33.84=Es gelingt &ihm%ihr&, die Lagebeziehungen zu erkennen sowie die meisten zentralen ebenen Figuren und geometrischen Körper mit den wichtigsten Eigenschaften zu beschreiben.;FACH;M;03;03
#M33.85=&Er%Sie& erkennt die Lagebeziehungen sowie die meisten zentralen ebenen Figuren und geometrischen Körper mit den wichtigsten Eigenschaften.;FACH;M;03;03
#M33.86=$Vorname$ erkennt die Lagebeziehungen sowie die meisten zentralen ebenen Figuren und geometrischen Körper mit den wichtigsten Eigenschaften.;FACH;M;03;03
#M33.87=Die Begriffe Spiegelbild und Symmetrie kennt &er%sie& und kann sie anwenden.;FACH;M;03;03
#M33.88=&Er%Sie& kennt die Begriffe Spiegelbild und Symmetrie und kann sie anwenden.;FACH;M;03;03
#M33.89=$Vorname$ kennt die Begriffe Spiegelbild und Symmetrie und kann sie anwenden.;FACH;M;03;03
#M33.90=In den Bereichen Geld, Längen und Zeit kent #er/sic# sich aus. &Er%Sie& kann Uhrzeiten lesen und mit Zeitspannen rechnen.;FACH;M;03;03
#M33.91=&Er%Sie& kennt sich in den Bereichen Geld, Längen und Zeit aus. &Er%Sie& kann Uhrzeiten lesen und mit Zeitspannen rechnen.;FACH;M;03;03
#M33.92=$Vorname$ kennt sich in den Bereichen Geld, Längen und Zeit aus. &Er%Sie& kann Uhrzeiten lesen und mit Zeitspannen rechnen.;FACH;M;03;03
#M33.93=Die Maßeinheiten kann &Er%Sie& zuordnen und umwandeln sowie einfache Sachaufgaben lösen.;FACH;M;03;03
#M33.94=&Er%Sie& kann die Maßeinheiten zuordnen und umwandeln sowie einfache Sachaufgaben lösen.;FACH;M;03;03
#M33.95=$Vorname$ kann die Maßeinheiten zuordnen und umwandeln sowie einfache Sachaufgaben lösen.;FACH;M;03;03
#M33.96=Es gelingt &ihm%ihr& Diagramme und Tabellen zu erstellen und ihnen Infornationen zu entnehmen.;FACH;M;03;03
#M33.97=&Er%Sie& kann Diagramme und Tabellen erstellen und ihnen Informationen entnehmen.;FACH;M;03;03
#M33.98=$Vorname$ kann Diagramme und Tabellen erstellen und ihnen Informationen entnehmen.;FACH;M;03;03
#M33.99=Problemlösende Aufgaben kann $Vorname$ mit Hilfe bearbeiten und Rechenwege und Gesetzmäßigkeiten nachzuvollziehen.;FACH;M;03;03
#M44.00=Einige Maßeinheiten kann &Er%Sie& zuordnen, aber sie noch nicht umwandeln. Einfache Sachaufgaben bereiten $Vorname$ noch große Schwierigkeiten.;FACH;M;04;04
#M44.01=Im Zahlenraum bis 20 kann &Er%Sie& sich mit Hilfe orientieren.;FACH;M;04;04
#M44.02=&Er%Sie& kann sich im Zahlenraum bis 20 mit Hilfe orientieren.;FACH;M;04;04
#M44.03=$Vorname$ kann sich im Zahlenraum bis 20 mit Hilfe orientieren.;FACH;M;04;04
#M44.04=Im Zahlenraum bis 20 kann &Er%Sie& sich noch nicht orientieren.;FACH;M;04;04
#M44.05=&Er%Sie& kann sich im Zahlenraum bis 20 noch nicht orientieren.;FACH;M;04;04
#M44.06=$Vorname$ kann sich im Zahlenraum bis 20 noch nicht orientieren.;FACH;M;04;04
#M44.07=Additions- und Subtraktionsaufgaben kann $Vorname$ im Zahlenraum bis 20 teilweise rechnen. Kopfrechenaufgaben kann $Vorname$ mit Hilfsmitteln lösen.;FACH;M;04;04
#M44.08=&Er%Sie& kann Additions- und Subtraktionsaufgaben im Zahlenraum bis 20 teilweise rechnen. Kopfrechenaufgaben kann $Vorname$ mit Hilfsmitteln lösen.;FACH;M;04;04
#M44.09=$Vorname$ kann Additions- und Subtraktionsaufgaben im Zahlenraum bis 20 teilweise rechnen. Kopfrechenaufgaben kann $Vorname$ mit Hilfsmitteln lösen.;FACH;M;04;04
#M44.10=Es gelingt &ihm%ihr& nicht, Additions- und Subtraktionsaufgaben im Zahlenraum bis 20 zu rechnen.;FACH;M;04;04
#M44.11=&Er%Sie& ist nicht in der Lage, Additions- und Subtraktionsaufgaben im Zahlenraum bis 20 zu rechnen.;FACH;M;04;04
#M44.12=$Vorname$ ist nicht in der Lage, Additions- und Subtraktionsaufgaben im Zahlenraum bis 20 zu rechnen.;FACH;M;04;04
#M44.13=Ziffern schreibt $Vorname$ häufig formgerecht.;FACH;M;04;04
#M44.14=&Er%Sie& schreibt Ziffern häufig formgerecht.;FACH;M;04;04
#M44.15=$Vorname$ schreibt Ziffern häufig formgerecht.;FACH;M;04;04
#M44.16=Ziffern schreibt $Vorname$ überwiegend nicht formgerecht.;FACH;M;04;04
#M44.17=&Er%Sie& schreibt Ziffern überwiegend nicht formgerecht.;FACH;M;04;04
#M44.18=$Vorname$ schreibt Ziffern überwiegend nicht formgerecht.;FACH;M;04;04
#M44.19=Es gelingt &ihm%ihr&, manche von den eingeführten Grundformen und geometrischen Körpern, die entsprechenden Fachbegriffe zu zuordnen.;FACH;M;04;04
#M44.20=&Er%Sie& ist in der Lage, manche von den eingeführten Grundformen und geometrischen Körpern, die entsprechenden Fachbegriffe zu zuordnen.;FACH;M;04;04
#M44.21=$Vorname$ ist in der Lage, manche von den eingeführten Grundformen und geometrischen Körpern, die entsprechenden Fachbegriffe zu zuordnen.;FACH;M;04;04
#M44.22=Es gelingt &ihm%ihr& nicht, den eingeführten Grundformen und geometrischen Körpern, die entsprechenden Fachbegriffe zu zuordnen.;FACH;M;04;04
#M44.23=&Er%Sie& ist noch nicht in der Lage, den eingeführten Grundformen und geometrischen Körpern, die entsprechenden Fachbegriffe zu zuordnen.;FACH;M;04;04
#M44.24=$Vorname$ ist noch nicht in der Lage, den eingeführten Grundformen und geometrischen Körpern, die entsprechenden Fachbegriffe zu zuordnen.;FACH;M;04;04
#M44.25=Geometrische Grundfertigkeiten wie Legen, Zeichnen und Bauen führt $Vorname$ teilweise aus.;FACH;M;04;04
#M44.26=&Er%Sie& führt geometrische Grundfertigkeiten wie Legen, Zeichnen und Bauen teilweise aus.;FACH;M;04;04
#M44.27=$Vorname$ führt geometrische Grundfertigkeiten wie Legen, Zeichnen und Bauen teilweise aus.;FACH;M;04;04
#M44.28=Geometrische Grundfertigkeiten wie Legen, Zeichnen und Bauen führt $Vorname$ mit Unterstützung aus.;FACH;M;04;04
#M44.29=&Er%Sie& führt geometrische Grundfertigkeiten wie Legen, Zeichnen und Bauen mit Unterstützung aus.;FACH;M;04;04
#M44.30=$Vorname$ führt geometrische Grundfertigkeiten wie Legen, Zeichnen und Bauen mit Unterstützung aus.;FACH;M;04;04
#M44.31=Teilweise kann $Vorname$ mit Größen wie Längen und Geldwerten rechnen.;FACH;M;04;04
#M44.32=&Er%Sie& kann teilweise mit Größen wie Längen und Geldwerten rechnen.;FACH;M;04;04
#M44.33=$Vorname$ kann teilweise mit Größen wie Längen und Geldwerten rechnen.;FACH;M;04;04
#M44.34=Es gelingt &ihm%ihr& nur mit Unterstützung und Hilfsmitteln, mit Größen wie Längen und Geldwerten zu rechnen.;FACH;M;04;04
#M44.35=&Er%Sie& kann mit Größen wie Längen und Geldwerten nur mit Unterstützung und Hilfsmitteln rechnen.;FACH;M;04;04
#M44.36=$Vorname$ kann mit Größen wie Längen und Geldwerten nur mit Unterstützung und Hilfsmitteln rechnen.;FACH;M;04;04
#M44.37=Einfache Uhrzeiten kann $Vorname$ gelegentlich lesen.;FACH;M;04;04
#M44.38=&Er%Sie& kann gelegentlich einfache Uhrzeiten lesen.;FACH;M;04;04
#M44.39=$Vorname$ kann gelegentlich einfache Uhrzeiten lesen.;FACH;M;04;04
#M44.40=Einfache Uhrzeiten kann $Vorname$ teilweise lesen.;FACH;M;04;04
#M44.41=&Er%Sie& kann einfache Uhrzeiten teilweise lesen.;FACH;M;04;04
#M44.42=$Vorname$ kann einfache Uhrzeiten teilweise lesen.;FACH;M;04;04
#M44.43=Es gelingt &ihm%ihr& noch nicht, einfache problemlösende Aufgaben zu bearbeiten.;FACH;M;04;04
#M44.44=&Er%Sie& ist noch nicht in der Lage, einfache problemlösende Aufgaben zu bearbeiten.;FACH;M;04;04
#M44.45=$Vorname$ ist noch nicht in der Lage, einfache problemlösende Aufgaben zu bearbeiten.;FACH;M;04;04
#M44.46=Es gelingt &ihm%ihr& nur gelegentlich mit Hilfe, Längen und Geldbeträge zu vergleichen und zu ordnen.;FACH;M;04;04
#M44.47=&Er%Sie& ist nur gelegentlich mit Hilfe in der Lage, Längen und Geldbeträge zu vergleichen und zu ordnen.;FACH;M;04;04
#M44.48=$Vorname$ ist nur gelegentlich mit Hilfe in der Lage, Längen und Geldbeträge zu vergleichen und zu ordnen.;FACH;M;04;04
#M44.49=Es gelingt &ihm%ihr& noch nicht mathematische Auffälligkeiten selbstständig zu entdecken sowie Strategien nachzuvollziehen.;FACH;M;04;04
#M44.50=&Er%Sie& kann mathematische Auffälligkeiten noch nicht selbstständig entdecken und Strategien nachvollziehen.;FACH;M;04;04
#M44.51=$Vorname$ kann mathematische Auffälligkeiten noch nicht selbstständig entdecken und Strategien nachvollziehen.;FACH;M;04;04
#M44.52=Es gelingt &ihm%ihr& noch nicht, leichte problemlösende Aufgaben zu bearbeiten.;FACH;M;04;04
#M44.53=&Er%Sie& ist noch nicht in der Lage, leichte problemlösende Aufgaben zu bearbeiten.;FACH;M;04;04
#M44.54=$Vorname$ ist noch nicht in der Lage, leichte problemlösende Aufgaben zu bearbeiten.;FACH;M;04;04
#M44.55=Es gelingt &ihm%ihr& noch nicht mathematische Auffälligkeiten selbstständig zu entdecken sowie Strategien nachzuvollziehen.;FACH;M;04;04
#M44.56=&Er%Sie& kann mathematische Auffälligkeiten noch nicht selbstständig entdecken und Strategien nachvollziehen.;FACH;M;04;04
#M44.57=$Vorname$ kann mathematische Auffälligkeiten noch nicht selbstständig entdecken und Strategien nachvollziehen.;FACH;M;04;04
#M44.58=Es gelingt &ihm%ihr& nur unter Anleitung mathematische Auffälligkeiten zu entdecken.;FACH;M;04;04
#M44.59=&Er%Sie& kann mathematische Auffälligkeiten nur unter Anleitung entdecken.;FACH;M;04;04
#M44.60=$Vorname$ kann mathematische Auffälligkeiten nur unter Anleitung entdecken.;FACH;M;04;04
#M44.61=In den Grundrechenarten Addition und Subtraktion kann $Vorname$ im Zahlenraum bis 100 mit Hilfe rechnen. Dabei wendet &er%sie& einfache Rechenwege an.;FACH;M;04;04
#M44.62=&Er%Sie& kann in den Grundrechenarten Addition und Subtraktion im Zahlenraum bis 100 mit Hilfe rechnen. Dabei wendet &er%sie& einfache Rechenwege an.;FACH;M;04;04
#M44.63=$Vorname$ kann in den Grundrechenarten Addition und Subtraktion im Zahlenraum bis 100 mit Hilfe rechnen. Dabei wendet &er%sie& einfache Rechenwege an.;FACH;M;04;04
#M44.64=In den Grundrechenarten Addition und Subtraktion kann $Vorname$ im Zahlenraum bis 100 noch nicht rechnen.;FACH;M;04;04
#M44.65=&Er%Sie& kann in den Grundrechenarten Addition und Subtraktion im Zahlenraum bis 100 noch nicht rechnen.;FACH;M;04;04
#M44.66=$Vorname$ kann in den Grundrechenarten Addition und Subtraktion im Zahlenraum bis 100 noch nicht rechnen.;FACH;M;04;04
#M44.67=Es gelingt &ihm%ihr&, einfache Kopfrechenaufgaben im Zahlenraum bis 100 zu lösen.;FACH;M;04;04
#M44.68=&Er%Sie& ist häufig in der Lage, einfache Kopfrechenaufgaben im Zahlenraum bis 100 zu lösen.;FACH;M;04;04
#M44.69=$Vorname$ ist häufig in der Lage, einfache Kopfrechenaufgaben im Zahlenraum bis 100 zu lösen.;FACH;M;04;04
#M44.70=Es gelingt &ihm%ihr& nicht, einfache Kopfrechenaufgaben im Zahlenraum bis 100 zu lösen.;FACH;M;04;04
#M44.71=&Er%Sie& ist nicht in der Lage, einfache Kopfrechenaufgaben im Zahlenraum bis 100 zu lösen.;FACH;M;04;04
#M44.72=$Vorname$ ist nicht in der Lage, einfache Kopfrechenaufgaben im Zahlenraum bis 100 zu lösen.;FACH;M;04;04
#M44.73=Bei der Multiplikation und Division verfügt $Vorname$ teilweise über die Grundvorstellungen und hat manche Kernaufgaben des kleinen Einmaleins automatisiert.;FACH;M;04;04
#M44.74=&Er%Sie& verfügt teilweise über die Grundvorstellung der Multiplikation und Division und hat manche Kernaufgaben des kleinen Einmaleins automatisiert.;FACH;M;04;04
#M44.75=$Vorname$ verfügt teilweise über die Grundvorstellung der Multiplikation und Division und hat manche Kernaufgaben des kleinen Einmaleins automatisiert.;FACH;M;04;04
#M44.76=Bei der Multiplikation und Division verfügt $Vorname$ noch nicht über die Grundvorstellungen und hat die Aufgaben des kleinen Einmaleins kaum automatisiert.;FACH;M;04;04
#M44.77=&Er%Sie& verfügt noch nicht über die Grundvorstellung der Multiplikation und Division und hat die Aufgaben des kleinen Einmaleins kaum automatisiert.;FACH;M;04;04
#M44.78=$Vorname$ verfügt noch nicht über die Grundvorstellung der Multiplikation und Division und hat die Aufgaben des kleinen Einmaleins kaum automatisiert.;FACH;M;04;04
#M44.79=Es gelingt &ihm%ihr&, manche Lagebeziehungen zu erkennen sowie einige der zentralen ebenen Figuren und geometrischen Körper mit den wichtigsten Eigenschaften zu beschreiben.;FACH;M;04;04
#M44.80=&Er%Sie& erkennt manche Lagebeziehungen sowie einige der zentralen ebenen Figuren und geometrischen Körper mit den wichtigsten Eigenschaften.;FACH;M;04;04
#M44.81=$Vorname$ erkennt manche Lagebeziehungen sowie einige der zentralen ebenen Figuren und geometrischen Körper mit den wichtigsten Eigenschaften.;FACH;M;04;04
#M44.82=Es gelingt &ihm%ihr& noch nicht sicher, die Lagebeziehungen zu erkennen sowie einige der zentralen ebenen Figuren und geometrischen Körper mit den wichtigsten Eigenschaften zu beschreiben.;FACH;M;04;04
#M44.83=&Er%Sie& erkennt die Lagebeziehungen sowie die zentralen ebenen Figuren und geometrischen Körper mit den wichtigsten Eigenschaften noch nicht sicher.;FACH;M;04;04
#M44.84=$Vorname$ erkennt die Lagebeziehungen sowie die zentralen ebenen Figuren und geometrischen Körper mit den wichtigsten Eigenschaften noch nicht sicher.;FACH;M;04;04
#M44.85=Die Begriffe Spiegelbild und Symmetrie kennt &er%sie& und kann sie mit Hilfe anwenden.;FACH;M;04;04
#M44.86=&Er%Sie& kennt die Begriffe Spiegelbild und Symmetrie und kann sie mit Hilfe anwenden.;FACH;M;04;04
#M44.87=$Vorname$ kennt die Begriffe Spiegelbild und Symmetrie und kann sie mit Hilfe anwenden.;FACH;M;04;04
#M44.88=Die Begriffe Spiegelbild und Symmetrie kennt &er%sie&, kann sie jedoch nicht anwenden.;FACH;M;04;04
#M44.89=&Er%Sie& kennt die Begriffe Spiegelbild und Symmetrie, kann sie jedoch nicht anwenden.;FACH;M;04;04
#M44.90=$Vorname$ kennt die Begriffe Spiegelbild und Symmetrie, kann sie jedoch nicht anwenden.;FACH;M;04;04
#M44.91=In den Bereichen Geld, Längen und Zeit kennt &Er%Sie& zum Teil aus. &Er%Sie& kann Uhrzeiten manchmal lesen und einfache Zeitspannen berechnen.;FACH;M;04;04
#M44.92=&Er%Sie& kennt sich zum Teil in den Bereichen Geld, Längen und Zeit aus. &Er%Sie& kann Uhrzeiten manchmal lesen und einfache Zeitspannen berechnen.;FACH;M;04;04
#M44.93=$Vorname$ kennt sich zum Teil in den Bereichen Geld, Längen und Zeit aus. &Er%Sie& kann Uhrzeiten manchmal lesen und einfache Zeitspannen berechnen.;FACH;M;04;04
#M44.94=In den Bereichen Geld, Längen und Zeit kennt &Er%Sie& sich kaum aus. &Er%Sie& kann Uhrzeiten noch nicht lesen und einfache Zeitspannen berechnen.;FACH;M;04;04
#M44.95=&Er%Sie& kennt sich in den Bereichen Geld, Längen und Zeit kaum aus. &Er%Sie& kann Uhrzeiten noch nicht lesen und einfache Zeitspannen berechnen.;FACH;M;04;04
#M44.96=$Vorname$ kennt sich in den Bereichen Geld, Längen und Zeit kaum aus. &Er%Sie& kann Uhrzeiten noch nicht lesen und einfache Zeitspannen berechnen.;FACH;M;04;04
#M44.97=Die Maßeinheiten kann &Er%Sie& zuordnen und gelegentlich schon umwandeln sowie sehr einfache Sachaufgaben mit Hilfe lösen.;FACH;M;04;04
#M44.98=&Er%Sie& kann die Maßeinheiten zuordnen und gelegentlich schon umwandeln sowie sehr einfache Sachaufgaben mit Hilfe lösen.;FACH;M;04;04
#M44.99=$Vorname$ kann die Maßeinheiten zuordnen und gelegentlich schon umwandeln sowie sehr einfache Sachaufgaben mit Hilfe lösen.;FACH;M;04;04
#MU10.01=$Vorname$ tanzt gerne zu Liedern und Musikstücken erfinden. ;FACH;MU;00;E1
#MU11.01=Lieder kann $Vorname$ sehr schnell in Text und Melodie erfassen und rhythmisch sehr sicher auf Instrumenten begleiten. ;FACH;MU;01;E1
#MU11.02=$Vorname$ ist sehr interessiert daran, Lieder zu verschiedenen Themenbereichen und Anlässen, verschiedenen Gattungen und Kinderlieder aus anderen Ländern kennenzulernen. ;FACH;MU;01;E1
#MU11.03=Sehr engagiert spielt $Vorname$ auf Körper- und Rhythmusinstrumenten zu Musikstücken und Liedern, improvisiert gerne und entwirft wohlklingende Sprech- und Stimmklangspiele. ;FACH;MU;01;E1
#MU11.04=$Vorname$ hält sich beim Mitspielen sehr genau an Spielvorgabe, Dirigiergesten und;FACH;MU;01;E1
#MU11.05=$Vorname$ singt tonhöhen- und rhythmusgetreu.;FACH;MU;01;E1
#MU11.06=Musik hört $Vorname$ sehr aufmerksam zu und zeigt dies, in dem $Vorname$ detailliert darüber spricht, sich entsprechend bewegt oder dazu zeichnet.;FACH;MU;01;E1
#MU11.07=Beim Zuhören der Musik verwendet $Vorname$ schon sehr sicher sinnvolle elementare Notationen.;FACH;MU;01;E1
#MU11.08=Sehr sicher erkennt $Vorname$ verschiedene Instrumente am Klang (Orff-Instrumentarium).;FACH;MU;01;E1
#MU11.09=$Vorname$ unterscheidet ohne Schwierigkeiten Instrumental- und Volksmusik, sowie verschiedene Instrumentengruppen am Klang. ;FACH;MU;01;E1
#MU11.10=$Vorname$ lässt den Ausdrucksgehalt von Musik auf sich wirken und zeigt dies sprachlich, gestisch, mimisch, motorisch, grafisch.;FACH;MU;01;E1
#MU11.11=Musikstücken hört $Vorname$sehr aufmerksam zu und unterscheidet Instrumente und Formteile äußerst sicher;FACH;MU;01;E1
#MU11.12=Vorname“ erfindet und gestaltet passende musikalische Spielszenen (zu Bilderbuch, Märchen, Gedicht).;FACH;MU;01;E1
#MU11.13=$Vorname$ spielt mimisch und gestisch passend zur Musik. ;FACH;MU;01;E1
#MU11.14=$Vorname$ malt ausdrucksstarke Bilder zu Empfindungen, die durch Musik ausgelöst werden.;FACH;MU;01;E1
#MU11.15=$Vorname$ setzt Musik äußerst phantasievoll in Bewegung oder Bilder um.;FACH;MU;01;E1
#MU12.01=Lieder kann $Vorname$ schnell in Text und Melodie erfassen und rhythmisch recht sicher auf Instrumenten begleiten. ;FACH;MU;02;E1
#MU12.02=Vorname“ lernt gerne Lieder zu verschiedenen Themenbereichen und Anlässen, verschiedenen Gattungen oder aus anderen Ländern kennen. ;FACH;MU;02;E1
#MU12.03=Engagiert spielt $Vorname$ auf Körper- und Rhythmusinstrumenten zu Musikstücken und Liedern.;FACH;MU;02;E1
#MU12.04=$Vorname$ improvisiert gerne und entwirft erste Sprech- und Stimmklangspiele. ;FACH;MU;02;E1
#MU12.05=$Vorname$ bemüht sich sehr, beim Mitspielen sich recht genau an Spielvorgabe, Dirigiergesten und Spiel-mit-Partituren zu halten.;FACH;MU;02;E1
#MU12.06=$Vorname$ singt bereits recht tonhöhen- und rhythmusgetreu.;FACH;MU;02;E1
#MU12.07=Musik hört $Vorname$ aufmerksam zu und zeigt dies, in dem $Vorname$ darüber spricht, sich entsprechend bewegt oder dazu zeichnet.;FACH;MU;02;E1
#MU12.08=$Vorname$ verwendet beim Zuhören schon recht sicher sinnvolle elementare Notationen.;FACH;MU;02;E1
#MU12.09=Sicher erkennt $Vorname$ verschiedene Instrumente am Klang (Orff-Instrumentarium).;FACH;MU;02;E1
#MU12.10=$Vorname$ erkennt recht genau Instrumental- und Volksmusik, sowie verschiedene Instrumentengruppen am Klang. ;FACH;MU;02;E1
#MU12.11=$Vorname$ lässt den Ausdrucksgehalt von Musik auf sich wirken und kann dies oft sprachlich, gestisch, mimisch, motorisch, grafisch veranschaulichen.;FACH;MU;02;E1
#MU12.12=Musikstücken hört $Vorname$ aufmerksam zu und kann Instrumente und Formteile häufig unterscheiden.;FACH;MU;02;E1
#MU12.13=Mit Freude gestaltet $Vorname$ musikalische Spielszenen (zu Bilderbuch, Märchen, Gedicht).;FACH;MU;02;E1
#MU12.14=$Vorname$ spielt mimisch und gestisch passend zur Musik. ;FACH;MU;02;E1
#MU12.15=$Vorname$ malt ausdrucksstarke Bilder zu Empfindungen, die durch Musik ausgelöst werden.;FACH;MU;02;E1
#MU12.16=$Vorname$ setzt Musik phantasievoll in Bewegung oder Bilder um.;FACH;MU;02;E1
#MU13.01=Lieder kann $Vorname$ in Text und Melodie erfassen und rhythmisch einfach auf Instrumenten begleiten. ;FACH;MU;03;E1
#MU13.02=$Vorname$ ist in der Regel interessiert daran, Lieder zu verschiedenen Themenbereichen und Anlässen, verschiedenen Gattungen und Kinderlieder aus anderen Ländern kennenzulernen. ;FACH;MU;03;E1
#MU13.03=$Vorname$ versucht auf Körper- und Rhythmusinstrumenten zu Musikstücken und Liedern zu improvisieren.;FACH;MU;03;E1
#MU13.04=$Vorname$ improvisiert zum Teil und bemüht sich, erste Sprech- und Stimmklangspiele zu entwerfen. ;FACH;MU;03;E1
#MU13.05=$Vorname$ versucht in der Regel, sich beim Mitspielen an Spielvorgabe, Dirigiergesten und Spiel-mit-Partituren zu halten.;FACH;MU;03;E1
#MU13.06=$Vorname$ versucht, tonhöhen- und rhythmusgetreu zu singen.;FACH;MU;03;E1
#MU13.07=Musik hört$Vorname$ in der Regel zu und zeigt dies gelegentlich (Sprache, Bewegung, Grafik).;FACH;MU;03;E1
#MU13.08=$Vorname$ verwendet zum Teil sinnvolle elementare Notationen.;FACH;MU;03;E1
#MU13.09=Häufig erkennt $Vorname$ verschiedene Instrumente am Klang (Orff-Instrumentarium).;FACH;MU;03;E1
#MU13.10=$Vorname$ kann häufig Instrumental- und Volksmusik unterscheiden, sowie verschiedene Instrumentengruppen am Klang erkennen. ;FACH;MU;03;E1
#MU13.11=$Vorname$ lässt sich in der Regel auf den Ausdrucksgehalt von Musik ein und kann diesen gelegentlich sprachlich, gestisch, mimisch, motorisch, grafisch veranschaulichen.;FACH;MU;03;E1
#MU13.12=$Vorname$ ist in der Lage, mit anderen kleinere musikalische Spielszenen (zu Bilderbuch, Märchen, Gedicht) zu entwerfen;FACH;MU;03;E1
#MU13.13=$Vorname$ bemüht sich, sich mimisch und gestisch passend zur Musik auszudrücken. ;FACH;MU;03;E1
#MU13.14=$Vorname$ malt einfache Bilder zu Empfindungen, die durch Musik ausgelöst werden.;FACH;MU;03;E1
#MU13.15=$Vorname$ bringt sich zuweilen bei einfachen Spielszenen zu Vorlagen (Bilderbuch, Märchen, Gedicht, Spielidee) ein.;FACH;MU;03;E1
#MU13.16=$Vorname$ setzt Musik gelegentlich in Bewegung oder Bilder um.;FACH;MU;03;E1
#MU14.01=Lieder erfasst $Vorname$nur zum Teil in Text und Melodie und hat Schwierigkeiten, dies rhythmisch einfach auf Instrumenten zu begleiten;FACH;MU;04;E1
#MU14.02=$Vorname$ interessiert sich nur gelegentlich dafür, Lieder zu verschiedenen Themenbereichen und Anlässen, verschiedenen Gattungen und Kinderlieder aus anderen Ländern kennenzulernen. ;FACH;MU;04;E1
#MU14.03=$Vorname$ bemüht sich noch nicht, auf Körper- und Rhythmusinstrumenten zu Musikstücken und Liedern zu improvisieren;FACH;MU;04;E1
#MU14.04=$Vorname$ ist nur gelegentlich an Improvisation und Sprech- und Stimmklangspielen interessiert. ;FACH;MU;04;E1
#MU14.05=$Vorname$ kann sich beim Mitspielen nur schwer an Spielvorgabe, Dirigiergesten und Spiel-mit-Partituren halten.;FACH;MU;04;E1
#MU14.06=$Vorname$ ist wenig bemüht, tonhöhen- und rhythmusgetreu zu singen;FACH;MU;04;E1
#MU14.07=$Vorname$ kann sich nur selten konzentriert auf Hörwerke einlassen. ;FACH;MU;04;E1
#MU14.08=Musik hört $Vorname$ nur gelegentlich zu und teilt sich noch zu wenig dazu in Sprache, Bewegung, Grafik mit.;FACH;MU;04;E1
#MU14.09=$Vorname$ verwendet selten sinnvolle elementare Notationen.;FACH;MU;04;E1
#MU14.10=Gelegentlich erkennt $Vorname$ verschiedene Instrumente am Klang (Orff-Instrumentarium), teilt dies jedoch nicht mit.;FACH;MU;04;E1
#MU14.11=Es bereitet $Vorname$ noch große Schwierigkeiten, Instrumental- und Volksmusik, sowie verschiedene Instrumentengruppen am Klang zu unterscheiden. ;FACH;MU;04;E1
#MU14.12=$Vorname$ fällt es schwer/ist noch zu wenig bemüht, Bewegungsformen zu Liedern und Musikstücken zu erfinden. ;FACH;MU;04;E1
#MU14.13=$Vorname$ ist noch nicht in der Lage, kleinere musikalische Spielszenen (zu Bilderbuch, Märchen, Gedicht) zu entwerfen.;FACH;MU;04;E1
#MU14.14=$Vorname$ bemüht sich noch zu selten, sich mimisch und gestisch passend zur Musik auszudrücken. ;FACH;MU;04;E1
#MU14.15=$Vorname$ zeigt noch kein Interesse, einfache Bilder zu Empfindungen, die durch Musik ausgelöst werden, zu malen.;FACH;MU;04;E1
#MU14.16= $Vorname$ bringt sich selten bei einfachen Spielszenen zu Vorlagen (Bilderbuch, Märchen, Gedicht, Spielidee) ein.;FACH;MU;04;E1
#MU15.01=$Vorname$ zeigt kein Interesse, Lieder in Text und Melodie zu lernen und diese rhythmisch zu begleiten oder dazu zu improvisieren. ;FACH;MU;05;E1
#MU15.02=$Vorname$ hält sich nicht an Spielvorgaben, Dirigiergesten oder Spiel-mit-Partituren;FACH;MU;05;E1
#MU15.03=$Vorname$ ist wenig bemüht, tonhöhen- und rhythmusgetreu zu singen.;FACH;MU;05;E1
#MU15.04=$Vorname$ bemüht sich nicht, Musik zuzuhören und sich dazu mitzuteilen oder Aufgaben dazu zu lösen ;FACH;MU;05;E1
#MU15.05=Aufgrund mangelnder Aufmerksamkeit ist $Vorname$ nicht in der Lage, Instrumental- und Volksmusik, sowie verschiedene Instrumentengruppen am Klang zu unterscheiden. ;FACH;MU;05;E1
#MU15.06=Musikstücken hört $Vorname$ in der Regel nicht aufmerksam zu und vermag daher Instrumente und Formteile nicht zu unterscheiden.;FACH;MU;05;E1
#MU15.07=$Vorname$ ist noch nicht zu wenig bemüht, sich zur Musik zu bewegen oder Bewegungsformen zu Liedern und Musikstücken zu erfinden. ;FACH;MU;05;E1
#MU15.08=$Vorname$ ist noch zu wenig interessiert, kleinere musikalische Spielszenen (zu Bilderbuch, Märchen, Gedicht) zu entwerfen.;FACH;MU;05;E1
#MU15.09=Vorname“ zeigt noch zu geringes Interesse, sich mimisch und gestisch zur Musik auszudrücken oder durch Musik ausgelöste Emotionen bildlich darzustellen. ;FACH;MU;05;E1
#MU20.01=$Vorname$ tanzt gerne zu Liedern und Musikstücken erfinden. ;FACH;MU;00;E2
#MU21.01=Lieder kann $Vorname$ sehr schnell in Text und Melodie erfassen und rhythmisch sehr sicher auf Instrumenten begleiten. ;FACH;MU;01;E2
#MU21.02=$Vorname$ ist sehr interessiert daran, Lieder zu verschiedenen Themenbereichen und Anlässen, verschiedenen Gattungen und Kinderlieder aus anderen Ländern kennenzulernen. ;FACH;MU;01;E2
#MU21.03=Sehr engagiert spielt $Vorname$ auf Körper- und Rhythmusinstrumenten zu Musikstücken und Liedern, improvisiert gerne und entwirft wohlklingende Sprech- und Stimmklangspiele. ;FACH;MU;01;E2
#MU21.04=$Vorname$ hält sich beim Mitspielen sehr genau an Spielvorgabe, Dirigiergesten und;FACH;MU;01;E2
#MU21.05=$Vorname$ singt tonhöhen- und rhythmusgetreu.;FACH;MU;01;E2
#MU21.06=Musik hört $Vorname$ sehr aufmerksam zu und zeigt dies, in dem $Vorname$ detailliert darüber spricht, sich entsprechend bewegt oder dazu zeichnet.;FACH;MU;01;E2
#MU21.07=Beim Zuhören der Musik verwendet $Vorname$ schon sehr sicher sinnvolle elementare Notationen.;FACH;MU;01;E2
#MU21.08=Sehr sicher erkennt $Vorname$ verschiedene Instrumente am Klang (Orff-Instrumentarium).;FACH;MU;01;E2
#MU21.09=$Vorname$ unterscheidet ohne Schwierigkeiten Instrumental- und Volksmusik, sowie verschiedene Instrumentengruppen am Klang. ;FACH;MU;01;E2
#MU21.10=$Vorname$ lässt den Ausdrucksgehalt von Musik auf sich wirken und zeigt dies sprachlich, gestisch, mimisch, motorisch, grafisch.;FACH;MU;01;E2
#MU21.11=Musikstücken hört $Vorname$sehr aufmerksam zu und unterscheidet Instrumente und Formteile äußerst sicher;FACH;MU;01;E2
#MU21.12=Vorname“ erfindet und gestaltet passende musikalische Spielszenen (zu Bilderbuch, Märchen, Gedicht).;FACH;MU;01;E2
#MU21.13=$Vorname$ spielt mimisch und gestisch passend zur Musik. ;FACH;MU;01;E2
#MU21.14=$Vorname$ malt ausdrucksstarke Bilder zu Empfindungen, die durch Musik ausgelöst werden.;FACH;MU;01;E2
#MU21.15=$Vorname$ setzt Musik äußerst phantasievoll in Bewegung oder Bilder um.;FACH;MU;01;E2
#MU22.01=Lieder kann $Vorname$ schnell in Text und Melodie erfassen und rhythmisch recht sicher auf Instrumenten begleiten. ;FACH;MU;02;E2
#MU22.02=Vorname“ lernt gerne Lieder zu verschiedenen Themenbereichen und Anlässen, verschiedenen Gattungen oder aus anderen Ländern kennen. ;FACH;MU;02;E2
#MU22.03=Engagiert spielt $Vorname$ auf Körper- und Rhythmusinstrumenten zu Musikstücken und Liedern.;FACH;MU;02;E2
#MU22.04=$Vorname$ improvisiert gerne und entwirft erste Sprech- und Stimmklangspiele. ;FACH;MU;02;E2
#MU22.05=$Vorname$ bemüht sich sehr, beim Mitspielen sich recht genau an Spielvorgabe, Dirigiergesten und Spiel-mit-Partituren zu halten.;FACH;MU;02;E2
#MU22.06=$Vorname$ singt bereits recht tonhöhen- und rhythmusgetreu.;FACH;MU;02;E2
#MU22.07=Musik hört $Vorname$ aufmerksam zu und zeigt dies, in dem $Vorname$ darüber spricht, sich entsprechend bewegt oder dazu zeichnet.;FACH;MU;02;E2
#MU22.08=$Vorname$ verwendet beim Zuhören schon recht sicher sinnvolle elementare Notationen.;FACH;MU;02;E2
#MU22.09=Sicher erkennt $Vorname$ verschiedene Instrumente am Klang (Orff-Instrumentarium).;FACH;MU;02;E2
#MU22.10=$Vorname$ erkennt recht genau Instrumental- und Volksmusik, sowie verschiedene Instrumentengruppen am Klang. ;FACH;MU;02;E2
#MU22.11=$Vorname$ lässt den Ausdrucksgehalt von Musik auf sich wirken und kann dies oft sprachlich, gestisch, mimisch, motorisch, grafisch veranschaulichen.;FACH;MU;02;E2
#MU22.12=Musikstücken hört $Vorname$ aufmerksam zu und kann Instrumente und Formteile häufig unterscheiden.;FACH;MU;02;E2
#MU22.13=Mit Freude gestaltet $Vorname$ musikalische Spielszenen (zu Bilderbuch, Märchen, Gedicht).;FACH;MU;02;E2
#MU22.14=$Vorname$ spielt mimisch und gestisch passend zur Musik. ;FACH;MU;02;E2
#MU22.15=$Vorname$ malt ausdrucksstarke Bilder zu Empfindungen, die durch Musik ausgelöst werden.;FACH;MU;02;E2
#MU22.16=$Vorname$ setzt Musik phantasievoll in Bewegung oder Bilder um.;FACH;MU;02;E2
#MU23.01=Lieder kann $Vorname$ in Text und Melodie erfassen und rhythmisch einfach auf Instrumenten begleiten. ;FACH;MU;03;E2
#MU23.02=$Vorname$ ist in der Regel interessiert daran, Lieder zu verschiedenen Themenbereichen und Anlässen, verschiedenen Gattungen und Kinderlieder aus anderen Ländern kennenzulernen. ;FACH;MU;03;E2
#MU23.03=$Vorname$ versucht auf Körper- und Rhythmusinstrumenten zu Musikstücken und Liedern zu improvisieren.;FACH;MU;03;E2
#MU23.04=$Vorname$ improvisiert zum Teil und bemüht sich, erste Sprech- und Stimmklangspiele zu entwerfen. ;FACH;MU;03;E2
#MU23.05=$Vorname$ versucht in der Regel, sich beim Mitspielen an Spielvorgabe, Dirigiergesten und Spiel-mit-Partituren zu halten.;FACH;MU;03;E2
#MU23.06=$Vorname$ versucht, tonhöhen- und rhythmusgetreu zu singen.;FACH;MU;03;E2
#MU23.07=Musik hört$Vorname$ in der Regel zu und zeigt dies gelegentlich (Sprache, Bewegung, Grafik).;FACH;MU;03;E2
#MU23.08=$Vorname$ verwendet zum Teil sinnvolle elementare Notationen.;FACH;MU;03;E2
#MU23.09=Häufig erkennt $Vorname$ verschiedene Instrumente am Klang (Orff-Instrumentarium).;FACH;MU;03;E2
#MU23.10=$Vorname$ kann häufig Instrumental- und Volksmusik unterscheiden, sowie verschiedene Instrumentengruppen am Klang erkennen. ;FACH;MU;03;E2
#MU23.11=$Vorname$ lässt sich in der Regel auf den Ausdrucksgehalt von Musik ein und kann diesen gelegentlich sprachlich, gestisch, mimisch, motorisch, grafisch veranschaulichen.;FACH;MU;03;E2
#MU23.12=$Vorname$ ist in der Lage, mit anderen kleinere musikalische Spielszenen (zu Bilderbuch, Märchen, Gedicht) zu entwerfen;FACH;MU;03;E2
#MU23.13=$Vorname$ bemüht sich, sich mimisch und gestisch passend zur Musik auszudrücken. ;FACH;MU;03;E2
#MU23.14=$Vorname$ malt einfache Bilder zu Empfindungen, die durch Musik ausgelöst werden.;FACH;MU;03;E2
#MU23.15=$Vorname$ bringt sich zuweilen bei einfachen Spielszenen zu Vorlagen (Bilderbuch, Märchen, Gedicht, Spielidee) ein.;FACH;MU;03;E2
#MU23.16=$Vorname$ setzt Musik gelegentlich in Bewegung oder Bilder um.;FACH;MU;03;E2
#MU24.01=Lieder erfasst $Vorname$nur zum Teil in Text und Melodie und hat Schwierigkeiten, dies rhythmisch einfach auf Instrumenten zu begleiten;FACH;MU;04;E2
#MU24.02=$Vorname$ interessiert sich nur gelegentlich dafür, Lieder zu verschiedenen Themenbereichen und Anlässen, verschiedenen Gattungen und Kinderlieder aus anderen Ländern kennenzulernen. ;FACH;MU;04;E2
#MU24.03=$Vorname$ bemüht sich noch nicht, auf Körper- und Rhythmusinstrumenten zu Musikstücken und Liedern zu improvisieren;FACH;MU;04;E2
#MU24.04=$Vorname$ ist nur gelegentlich an Improvisation und Sprech- und Stimmklangspielen interessiert. ;FACH;MU;04;E2
#MU24.05=$Vorname$ kann sich beim Mitspielen nur schwer an Spielvorgabe, Dirigiergesten und Spiel-mit-Partituren halten.;FACH;MU;04;E2
#MU24.06=$Vorname$ ist wenig bemüht, tonhöhen- und rhythmusgetreu zu singen;FACH;MU;04;E2
#MU24.07=$Vorname$ kann sich nur selten konzentriert auf Hörwerke einlassen. ;FACH;MU;04;E2
#MU24.08=Musik hört $Vorname$ nur gelegentlich zu und teilt sich noch zu wenig dazu in Sprache, Bewegung, Grafik mit.;FACH;MU;04;E2
#MU24.09=$Vorname$ verwendet selten sinnvolle elementare Notationen.;FACH;MU;04;E2
#MU24.10=Gelegentlich erkennt $Vorname$ verschiedene Instrumente am Klang (Orff-Instrumentarium), teilt dies jedoch nicht mit.;FACH;MU;04;E2
#MU24.11=Es bereitet $Vorname$ noch große Schwierigkeiten, Instrumental- und Volksmusik, sowie verschiedene Instrumentengruppen am Klang zu unterscheiden. ;FACH;MU;04;E2
#MU24.12=$Vorname$ fällt es schwer/ist noch zu wenig bemüht, Bewegungsformen zu Liedern und Musikstücken zu erfinden. ;FACH;MU;04;E2
#MU24.13=$Vorname$ ist noch nicht in der Lage, kleinere musikalische Spielszenen (zu Bilderbuch, Märchen, Gedicht) zu entwerfen.;FACH;MU;04;E2
#MU24.14=$Vorname$ bemüht sich noch zu selten, sich mimisch und gestisch passend zur Musik auszudrücken. ;FACH;MU;04;E2
#MU24.15=$Vorname$ zeigt noch kein Interesse, einfache Bilder zu Empfindungen, die durch Musik ausgelöst werden, zu malen.;FACH;MU;04;E2
#MU24.16= $Vorname$ bringt sich selten bei einfachen Spielszenen zu Vorlagen (Bilderbuch, Märchen, Gedicht, Spielidee) ein.;FACH;MU;04;E2
#MU25.01=$Vorname$ zeigt kein Interesse, Lieder in Text und Melodie zu lernen und diese rhythmisch zu begleiten oder dazu zu improvisieren. ;FACH;MU;05;E2
#MU25.02=$Vorname$ hält sich nicht an Spielvorgaben, Dirigiergesten oder Spiel-mit-Partituren;FACH;MU;05;E2
#MU25.03=$Vorname$ ist wenig bemüht, tonhöhen- und rhythmusgetreu zu singen.;FACH;MU;05;E2
#MU25.04=$Vorname$ bemüht sich nicht, Musik zuzuhören und sich dazu mitzuteilen oder Aufgaben dazu zu lösen ;FACH;MU;05;E2
#MU25.05=Aufgrund mangelnder Aufmerksamkeit ist $Vorname$ nicht in der Lage, Instrumental- und Volksmusik, sowie verschiedene Instrumentengruppen am Klang zu unterscheiden. ;FACH;MU;05;E2
#MU25.06=Musikstücken hört $Vorname$ in der Regel nicht aufmerksam zu und vermag daher Instrumente und Formteile nicht zu unterscheiden.;FACH;MU;05;E2
#MU25.07=$Vorname$ ist noch nicht zu wenig bemüht, sich zur Musik zu bewegen oder Bewegungsformen zu Liedern und Musikstücken zu erfinden. ;FACH;MU;05;E2
#MU25.08=$Vorname$ ist noch zu wenig interessiert, kleinere musikalische Spielszenen (zu Bilderbuch, Märchen, Gedicht) zu entwerfen.;FACH;MU;05;E2
#MU25.09=Vorname“ zeigt noch zu geringes Interesse, sich mimisch und gestisch zur Musik auszudrücken oder durch Musik ausgelöste Emotionen bildlich darzustellen. ;FACH;MU;05;E2
#MU33.01=$Vorname$ erklärt detailreich, welche musikalische Mittel bestimmte Wirkungen erzielen (Tempo, Lautstärke, Tonhöhe, Klangfarbe).;FACH;MU;03;03
#MU33.02=Sehr sicher erkennt $Vorname$ grundlegende musikalische Formen (Lied, Rondo, Thema, Variation).;FACH;MU;03;03
#MU33.03=Eigene Lieblingsmusik stellt $Vorname$ detailliert vor und äußert sich über Erfahrungen mit ihr.;FACH;MU;03;03
#MU33.04=Mit Hilfe von Ordnungskriterien (Zweck, Besetzung, Kulturkreis) kann $Vorname$ Musik sehr sicher unterscheiden und zuordnen.;FACH;MU;03;03
#MU33.05=$Vorname$ erkennt Vertreter der Instrumentengruppen sehr sicher.;FACH;MU;03;03
#MU33.06=$Vorname$ erkennt sehr sicher grundlegende musikalische Formen wie Lied, Rondo, Thema und Variation. ;FACH;MU;03;03
#MU33.07=$Vorname$ verwendet grafische und einfache Notation lesend oder schreibend beim Musizieren oder Hören.;FACH;MU;03;03
#MU33.08=$Vorname$ kann mit eigenen Worten erklären, welche musikalischen Mittel bestimmte Wirkungen erzielen (Tempo, Lautstärke, Tonhöhe, Klangfarbe).;FACH;MU;03;03
#MU33.09=$Vorname$ erkennt grundlegende musikalische Formen (Lied, Rondo, Thema, Variation).;FACH;MU;03;03
#MU33.10=Eigene Lieblingsmusik stellt $Vorname$ vor und äußert sich über Erfahrungen mit ihr.;FACH;MU;03;03
#MU33.11=Mit Hilfe von Ordnungskriterien (Zweck, Besetzung, Kulturkreis) kann $Vorname$ Musikstücke sicher unterscheiden und zuordnen.;FACH;MU;03;03
#MU33.12=$Vorname$ kann Vertreter der Instrumentengruppen sicher erkennen.;FACH;MU;03;03
#MU33.13=$Vorname$ erkennt sehr sicher grundlegende musikalische Formen wie Lied, Rondo, Thema und Variation. ;FACH;MU;03;03
#MU33.14=$Vorname$ verwendet grafische und einfache Notation lesend oder schreibend beim Musizieren oder Hören.;FACH;MU;03;03
#MU33.15=$Vorname$ kann erklären, welche musikalischen Mittel bestimmte Wirkungen erzielen (Tempo, Lautstärke, Tonhöhe, Klangfarbe).;FACH;MU;03;03
#MU33.16=$Vorname$ erkennt in der Regel grundlegende musikalische Formen (Lied, Rondo, Thema, Variation).;FACH;MU;03;03
#MU33.17=Eigene Lieblingsmusik stellt $Vorname$ vor und äußert sich über Erfahrungen mit ihr.;FACH;MU;03;03
#MU33.18=Mit Hilfe von Ordnungskriterien (Zweck, Besetzung, Kulturkreis) kann $Vorname$ Musikstücke häufig unterscheiden und zuordnen.;FACH;MU;03;03
#MU33.19=$Vorname$ kann Vertreter der Instrumentengruppen in der Regel erkennen.;FACH;MU;03;03
#MU33.20=$Vorname$ kann teilweise musikalische Formen wie Lied, Rondo, Thema und Variation erkennen. ;FACH;MU;03;03
#MU33.21=$Vorname$ kann noch zu wenig über die Wirkung musikalischer Mittel und ihrer Wirkungen erzählen (Tempo, Lautstärke, Tonhöhe, Klangfarbe).;FACH;MU;03;03
#MU33.22=$Vorname$ hat noch Schwierigkeiten musikalische Formen (Lied, Rondo, Thema, Variation zu erkennen und einzuordnen.;FACH;MU;03;03
#MU33.23=Zur Unterscheidung von Musikstücken und Musikarten benötigt $Vorname$ noch zu häufig Hilfe. ;FACH;MU;03;03
#MU33.24=$Vorname$ kann nur wenige Vertreter der Instrumentengruppen benennen.;FACH;MU;03;03
#MU33.25=$Vorname$ ist im Bereich musikalischer Formen noch zu unsicher. ;FACH;MU;03;03
#MU33.26=Auf Hörwerke kann sich $Vorname$ noch zu selten konzentriert einlassen und Instrumente oder Instrumentengruppen und Formteile richtig erkennen. ;FACH;MU;03;03
#MU33.27=Das Beschreiben von Höreindrücken mit eigenen Worten gelingt $Vorname$ noch nicht in ausreichendem Maße. ;FACH;MU;03;03
#MU33.28=Musikalische Fachbegriffe und Notationselemente behält $Vorname$ noch nicht beständig genug.;FACH;MU;03;03
#MU33.29=$Vorname$ gestaltet sehr erfolgreich musikalische Spielszenen mit choreographischen Mitteln;FACH;MU;03;03
#MU33.30=Zu Liedern und Musikstücken erfindet $Vorname$ passende Bewegungsformen. ;FACH;MU;03;03
#MU33.31=$Vorname$ führt Tänze zu Liedern und Musikstücken aus und ist in der Lage, diese weiterzuentwickeln;FACH;MU;03;03
#MU33.32=Mit großem Geschick bewegt sich $Vorname$ tänzerisch (nach Vorgaben oder eigenen Ideen).;FACH;MU;03;03
#MU33.33=$Vorname$ malt ausdrucksstarke Bilder zu Empfindungen, die durch Musik ausgelöst werden, und spricht darüber. ;FACH;MU;03;03
#MU33.34=$Vorname$ erfindet eigene Spielszenen mit choregraphischen Mitteln zu verschiedenen Themen.;FACH;MU;03;03
#MU33.35=$Vorname$ kann Analogien zwischen Klang und bildlicher Darstellung herstellen und über Ergebnisse sprechen.;FACH;MU;03;03
#MU33.36=Erfolgreich gestaltet $Vorname$ musikalische Spielszenen mit choreographischen Mitteln;FACH;MU;03;03
#MU33.37=Zu Liedern und Musikstücken erfindet $Vorname$ passende Bewegungsformen. ;FACH;MU;03;03
#MU33.38=$Vorname$ führt Tänze zu Liedern und Musikstücken aus und ist in der Lage, diese weiterzuentwickeln. ;FACH;MU;03;03
#MU33.39=Mit Freude bewegt sich $Vorname$ tänzerisch (nach Vorgaben oder eigenen Ideen).;FACH;MU;03;03
#MU33.40=$Vorname$ kann in seinen Bildern Vorstellungen und Bilder ausdrücken, die durch Musik ausgelöst werden, und darüber sprechen. ;FACH;MU;03;03
#MU33.41=$Vorname$ kann teilweise eigene Spielszenen mit choreographischen Mitteln zu verschiedenen Themen entwickeln.;FACH;MU;03;03
#MU33.42=Vorname“ kann häufig Analogien zwischen Klang und bildlicher Darstellung herstellen und über Ergebnisse sprechen.;FACH;MU;03;03
#MU33.43=$Vorname$ spielt gerne bei Choreographien zur Musik mit.;FACH;MU;03;03
#MU33.44=Gelegentlich findet $Vorname$ passende Bewegungsformen zur Musik.;FACH;MU;03;03
#MU33.45=$Vorname$ versucht in der Regel, durch Musik ausgedrückte Stimmungen bildlich darzustellen.;FACH;MU;03;03
#MU33.46=Gelegentlich erkennt $Vorname$ Analogien zwischen Klang und bildlicher Darstellung. ;FACH;MU;03;03
#MU33.47=$Vorname$ zeigt noch zu geringes Interesse bei Aufgaben zum Umsetzen von Musik in Bewegung oder Bildern.;FACH;MU;03;03
#MU33.48=Lieder kann $Vorname$ sehr schnell in Text und Melodie erfassen und rhythmisch adäquat auf Instrumenten begleiten. ;FACH;MU;03;03
#MU33.49=$Vorname$ improvisiert mit der eigenen Stimme und gestaltet Verse, Gedichte, Szenen und Geschichten klangmalerisch.;FACH;MU;03;03
#MU33.50=$Vorname$ ist in der Lage, rhythmische und melodische Bestandteile von Musikstücken durch Stimme, Bewegung, Körper-und Schlaginstrumenten hervorzuheben.;FACH;MU;03;03
#MU33.51=$Vorname$ begleitet Musikstücke sehr engagiert und passend auf Instrumenten.;FACH;MU;03;03
#MU33.52=Vorname“ kann gefundene Klangergebnisse grafisch sortieren und diese zu Spielstücken zusammenstellen.;FACH;MU;03;03
#MU33.53=$Vorname$erfindet eigene Klangspiele. ;FACH;MU;03;03
#MU33.54=Lieder kann $Vorname$ schnell in Text und Melodie erfassen und rhythmisch auf Instrumenten begleiten;FACH;MU;03;03
#MU33.55=$Vorname$ kann erste Improvisationen mit der eigenen Stimme gestalten und Verse, Gedichte, Szenen und Geschichten klangmalerisch ausgestalten.;FACH;MU;03;03
#MU33.56=$Vorname$ kann einige rhythmische und melodische Bestandteile von Musikstücken durch Stimme, Bewegung, Körper-und Schlaginstrumenten hervorheben.;FACH;MU;03;03
#MU33.57=$Vorname$ begleitet Musikstücke engagiert und passend auf Instrumenten.;FACH;MU;03;03
#MU33.58=$Vorname$ bemüht sich sehr, gefundene Klangergebnisse grafisch zu sortieren und diese zu Spielstücken zusammenstellen.;FACH;MU;03;03
#MU33.59=$Vorname$erfindet eigene Klangspiele. ;FACH;MU;03;03
#MU33.60=Lieder lernt $Vorname$ in der Regel gerne und kann diese rhythmisch auf Instrumenten begleiten. ;FACH;MU;03;03
#MU33.61=Vorname“ versucht, erste Improvisationen mit der eigenen Stimme zu gestalten und bemüht sich, Teile von Versen, Gedichten, Szenen und Geschichten klangmalerisch auszugestalten.;FACH;MU;03;03
#MU33.62=Vorname“ kann leichte Musikstücke rhythmisch und melodisch begleiten und einzelne Stellen mit Stimme, Bewegung, Körper-und Schlaginstrumenten hervorheben.;FACH;MU;03;03
#MU33.63=$Vorname$ begleitet Musikstücke weitgehend passend auf Instrumenten;FACH;MU;03;03
#MU33.64=$Vorname$ kann einige Klangergebnisse grafisch darstellen und sortieren.;FACH;MU;03;03
#MU33.65=Lieder lernt $Vorname$ in der Regel mit wechselndem Interesse. ;FACH;MU;03;03
#MU33.66=Improvisationen begegnet $Vorname$ noch nicht mit dem nötigen Ernst und interessiert sich noch zu wenig für das klangmalerische Ausgestalten von Versen, Gedichten, Szenen und Geschichten;FACH;MU;03;03
#MU33.67=Vorname“ kann bei Konzentration kurze Musikstücke rhythmisch und melodisch begleiten.;FACH;MU;03;03
#MU33.68=$Vorname$ gibt sich noch zu wenig Mühe, Musikstücke passend zu begleiten.;FACH;MU;03;03
#MU33.69=$Vorname$ ist sich noch zu wenig sicher beim Notieren einfacher Klangergebnisse.;FACH;MU;03;03
#MU33.70=Liedern begegnet $Vorname$ noch nicht mit der gebotenen Aufmerksamkeit.;FACH;MU;03;03
#MU33.71=$Vorname$ interessiert sich noch nicht ausreichend für das Liedererlernen und Improvisieren.;FACH;MU;03;03
#MU33.72=$Vorname$ gibt sich keine Mühe, Lieder angemessen zu singen und Musikstücke passend zu begleiten.;FACH;MU;03;03
#RS11.01=$Vorname$ schreibt Texte stets fehlerfrei ab;FACH;RS;01;E1
#RS11.02=Auch kurze Texte schreibt $Vorname$ bereits fehlerfrei ab;FACH;RS;01;E1
#RS11.03=Es gelingt $Vorname$ schon sehr sicher Wörter lautgetreu/fehlerfrei aufzuschreiben;FACH;RS;01;E1
#RS11.04=Wörter kann $Vorname$ immer selbstständig in Silben zerlegen.;FACH;RS;01;E1
#RS11.05=$Vorname$ wendet beim Schreiben eigener Texte recht sicher erste Rechtschreibmuster an.;FACH;RS;01;E1
#RS11.06=$Vorname$ hält beim Schreiben eigener Texte stets Wortgrenzen ein, setzt Satzschlusszeichen gezielt und achtet auf die Großschreibung am Satzanfang.;FACH;RS;01;E1
#RS11.07=Im Deutschunterricht ist $Vorname$  in der Lage, Laute sehr sicher zu unterscheiden.;FACH;RS;01;E1
#RS11.08=&Er/Sie& ist in der Lage, Laute sehr sicher zu unterscheiden.;FACH;RS;01;E1
#RS11.09=$Vorname$  ist in der Lage, Laute sehr sicher zu unterscheiden.;FACH;RS;01;E1
#RS11.10=Lautgetreue Wörter verschriftet $Vorname$  sehr sicher. Dabei hält &er/sie& Wortgrenzen stets ein.;FACH;RS;01;E1
#RS11.11=&Er/Sie& verschriftet lautgetreue Wörter sehr sicher. Dabei hält &er/sie& Wortgrenzen stets ein.;FACH;RS;01;E1
#RS11.12=$Vorname$  verschriftet lautgetreue Wörter sehr sicher. Dabei hält &er/sie& Wortgrenzen stets ein.;FACH;RS;01;E1
#RS11.13=Ohne Schwierigkeiten kann $Vorname$  Buchstaben identifizieren.;FACH;RS;01;E1
#RS11.14=&Er/Sie& kann ohne Schwierigkeiten Buchstaben identifizieren.;FACH;RS;01;E1
#RS11.15=$Vorname$  kann ohne Schwierigkeiten Buchstaben identifizieren.;FACH;RS;01;E1
#RS11.16=Das selbstständige Zerlegen von Wörtern in Silben gelingt &ihm/ihr& sehr sicher.;FACH;RS;01;E1
#RS11.17=&Ihm/Ihr& gelingt das selbstständige Zerlegen von Wörtern in Silben sehr sicher.;FACH;RS;01;E1
#RS11.18=$Vorname$  gelingt das selbstständige Zerlegen von Wörtern in Silben sehr sicher.;FACH;RS;01;E1
#RS12.01=$Vorname$ kennt die meisten der erlernten Buchstaben und kann ihnen weitgehend problemlos passende Laute zuordnen;FACH;RS;02;E1
#RS12.02=$Vorname$ schreibt auch wenig geübte Sätze auswendig und in der Regel fehlerfrei.;FACH;RS;02;E1
#RS12.03=Auch kurze Texte schreibt $Vorname$ mit wenigen Fehlern ab.;FACH;RS;02;E1
#RS12.04=Es gelingt $Vorname$ schon sicher, Wörter lautgetreu/fehlerfrei aufzuschreiben;FACH;RS;02;E1
#RS12.05=Wörter kann $Vorname$ meist selbstständig in Silben zerlegen.;FACH;RS;02;E1
#RS12.06=$Vorname$ kann Groß- und Kleinbuchstaben unterscheiden.;FACH;RS;02;E1
#RS12.07=$Vorname$ wendet beim Schreiben eigener Texte erste Rechtschreibmuster an.;FACH;RS;02;E1
#RS12.08=$Vorname$ hält beim Schreiben eigener Texte Wortgrenzen ein, setzt Satzschlusszeichen und achtet in der Regel auf die Großschreibung am Satzanfang.;FACH;RS;02;E1
#RS12.09=Die Satz- und Wortgrenzen hält &er/sie& stets ein und schreibt die Satzanfänge immer groß.;FACH;RS;02;E1
#RS12.10=&Er/Sie& hält die Satz- und Wortgrenzen stets ein und schreibt die Satzanfänge immer groß.;FACH;RS;02;E1
#RS12.11=$Vorname$  hält die Satz- und Wortgrenzen stets ein und schreibt die Satzanfänge immer groß.;FACH;RS;02;E1
#RS12.12=Beim Schreiben eigener Texte wendet &er/sie& Rechtschreibmuster und Rechtschreibkenntnisse sehr sicher an.;FACH;RS;02;E1
#RS12.13=&Er/Sie& wendet beim Schreiben eigener Texte Rechtschreibmuster und Rechtschreibkenntnisse sehr sicher an.;FACH;RS;02;E1
#RS12.14=$Vorname$  wendet beim Schreiben eigener Texte Rechtschreibmuster und Rechtschreibkenntnisse sehr sicher an.;FACH;RS;02;E1
#RS12.15=Zuverlässig ist &er/sie& in der Lage, Texte gründlich zu berichtigen. Problemlos unterscheidet $Vorname$  Wortarten und Satzglieder.;FACH;RS;02;E1
#RS12.16=&Er/Sie& ist zuverlässig ist in der Lage, Texte gründlich zu berichtigen. Problemlos unterscheidet &er/sie& Wortarten und Satzglieder.;FACH;RS;02;E1
#RS12.17=$Vorname$  ist zuverlässig ist in der Lage, Texte gründlich zu berichtigen. Problemlos unterscheidet &er/sie& Wortarten und Satzglieder.;FACH;RS;02;E1
#RS13.01=$Vorname$ kennt einige der erlernten Buchstaben und kann ihnen nach Einübung passende Laute zuordnen;FACH;RS;03;E1
#RS13.02=$Vorname$ kann bekannte Wörter immer öfter mit geringer Fehlerzahl aufschreiben .;FACH;RS;03;E1
#RS13.03=Kurze Texte schreibt $Vorname$ noch nicht fehlerfrei ab. .;FACH;RS;03;E1
#RS13.04=Es gelingt $Vorname$ überwiegend sicher, Wörter lautgetreu/fehlerfrei aufzuschreiben;FACH;RS;03;E1
#RS13.05=Wörter kann $Vorname$ in der Regel selbstständig in Silben zerlegen.;FACH;RS;03;E1
#RS13.06=$Vorname$ wendet beim Schreiben eigener Texte erste Rechtschreibmuster teilweise an.;FACH;RS;03;E1
#RS13.07=$Vorname$ hält beim Schreiben eigener Texte Wortgrenzen in der Regel ein, setzt meist Satzschlusszeichen und achtet häufig auch auf die Großschreibung am Satzanfang.;FACH;RS;03;E1
#RS13.08=Texte schreibt &er/sie& methodisch sinnvoll und immer korrekt ab.;FACH;RS;03;E1
#RS13.09=&Er/Sie& schreibt methodisch sinnvoll und immer korrekt ab.;FACH;RS;03;E1
#RS13.10=$Vorname$  schreibt methodisch sinnvoll und immer korrekt ab.;FACH;RS;03;E1
#RS13.11=Die Rechtschreibleistung von $Vorname$  ist sehr beständig, und &er/sie& ist in der Lage, gelernte Rechtschreibregeln richtig anzuwenden.;FACH;RS;03;E1
#RS13.12=&Seine/Ihre& Rechtschreibleistung ist sehr beständig, und &er/sie& ist in der Lage, gelernte Rechtschreibregeln richtig anzuwenden.;FACH;RS;03;E1
#RS13.13=$Vorname$  zeigt eine sehr beständige Rechtschreibleistung und &er/sie& ist in der Lage, gelernte Rechtschreibregeln richtig anzuwenden.;FACH;RS;03;E1
#RS13.14=Rechtschreibübungen gelingen &ihm/ihr& fast immer fehlerfrei.;FACH;RS;03;E1
#RS13.15=&Ihm/Ihr& gelingen Rechtschreibübungen fast immer fehlerfrei.;FACH;RS;03;E1
#RS13.16=$Vorname$  gelingen Rechtschreibübungen fast immer fehlerfrei.;FACH;RS;03;E1
#RS13.17=Problemlos unterscheidet &er/sie& Wortarten und Satzglieder.;FACH;RS;03;E1
#RS13.18=&Er/Sie& unterscheidet problemlos Wortarten und Satzglieder.;FACH;RS;03;E1
#RS13.19=$Vorname$  unterscheidet problemlos Wortarten und Satzglieder.;FACH;RS;03;E1
#RS13.20=Das Wörterbuch nutzt &er/sie& zur Überprüfung der Schreibweise selbstständig und erfolgreich.;FACH;RS;03;E1
#RS13.21=&Er/Sie& nutzt das Wörterbuch zur Überprüfung der Schreibweise selbstständig und erfolgreich.;FACH;RS;03;E1
#RS13.22=$Vorname$  nutzt das Wörterbuch zur Überprüfung der Schreibweise selbstständig und erfolgreich.;FACH;RS;03;E1
#RS14.01=$Vorname$ kennt wenige der erlernten Buchstaben und kann ihnen passende Laute zuordnen.;FACH;RS;04;E1
#RS14.02=Auch bekannte Wörter schreibt $Vorname$ oft fehlerhaft.;FACH;RS;04;E1
#RS14.03=Kurze Texte schreibt $Vorname$ mit vielen Fehlern ab;FACH;RS;04;E1
#RS14.04=Es gelingt $Vorname$ manchmal, Wörter lautgetreu/fehlerfrei aufzuschreiben;FACH;RS;04;E1
#RS14.05=Beim Zerlegen von Wörtern benötigt $Vorname$ häufig noch Hilfe.;FACH;RS;04;E1
#RS14.06=$Vorname$ fällt es schwer, beim Schreiben eigener Texte erste Rechtschreibmuster anzuwenden. ;FACH;RS;04;E1
#RS14.07=$Vorname$ fällt es schwer, beim Schreiben eigener Texte Wortgrenzen einzuhalten Satzschlusszeichen zu setzen und auf die Großschreibung am Satzanfang zu achten.;FACH;RS;04;E1
#RS15.01=$Vorname$ kennt die erlernten Buchstaben noch nicht sicher und kann ihnen passende Laute nicht selbständig zuordnen;FACH;RS;05;E1
#RS15.02=$Vorname$ kann beim Abschreiben ein Wort noch nicht vollständig übertragen .;FACH;RS;05;E1
#RS15.03=Es gelingt $Vorname$ selten, Wörter lautgetreu/fehlerfrei aufzuschreiben;FACH;RS;05;E1
#RS15.04=Es gelingt $Vorname$ noch nicht Texte ohne Fehler abzuschreiben;FACH;RS;05;E1
#RS15.05=Wörter kann $Vorname$ noch nicht selbstständig in Silben zerlegen;FACH;RS;05;E1
#RS15.06=Es gelingt $Vorname$ noch nicht Texte ohne Fehler abzuschreiben;FACH;RS;05;E1
#RS15.07=$Vorname$ gelingt es noch nicht, beim Schreiben eigener Texte erste Rechtschreibmuster anzuwenden. ;FACH;RS;05;E1
#RS15.08=$Vorname$ kann beim Schreiben eigener Texte Wortgrenzen noch nicht einhalten. ;FACH;RS;05;E1
#RS15.09=$Vorname$ sollte lernen, Satzschlusszeichen zu setzen und auf die Großschreibung am Satzanfang zu beachten.;FACH;RS;05;E1
#RS21.01=$Vorname$ entwickelt ein insgesamt sehr schnelles Regelbewusstsein für die Rechtschreibung und ist in der Lage, Laute sehr sicher zu unterscheiden.;FACH;RS;01;E2
#RS21.02=Beim Verfassen eigener Texte wendet $Vorname$ erste rechtschriftliche Kenntnisse sehr sicher an.;FACH;RS;01;E2
#RS21.03=$Vorname$ achtet stets auf Einhaltung von Wort- und Satzgrenzen und schreibt Satzanfänge immer mit großem Anfangsbuchstaben.;FACH;RS;01;E2
#RS21.04=$Vorname$ schreibt Texte fehlerfrei ab.;FACH;RS;01;E2
#RS21.05=Im Deutschunterricht ist $Vorname$  in der Lage, Laute sicher zu unterscheiden.;FACH;RS;01;E2
#RS21.06=&Er/Sie& ist in der Lage, Laute sicher zu unterscheiden.;FACH;RS;01;E2
#RS21.07=$Vorname$  ist in der Lage, Laute sicher zu unterscheiden.;FACH;RS;01;E2
#RS21.08=Lautgetreue Wörter verschriftet $Vorname$  sicher. Dabei hält &er/sie& Wortgrenzen ein.;FACH;RS;01;E2
#RS21.09=&Er/Sie& verschriftet lautgetreue Wörter sicher. Dabei hält &er/sie& Wortgrenzen ein.;FACH;RS;01;E2
#RS21.10=$Vorname$  verschriftet lautgetreue Wörter sicher. Dabei hält &er/sie& Wortgrenzen ein.;FACH;RS;01;E2
#RS21.11=Es gelingt &ihm/ihr& Buchstaben zu identifizieren.;FACH;RS;01;E2
#RS21.12=&Er/Sie& kann Buchstaben identifizieren.;FACH;RS;01;E2
#RS21.13=$Vorname$  kann Buchstaben identifizieren.;FACH;RS;01;E2
#RS21.14=Das selbstständige Zerlegen von Wörtern in Silben gelingt &ihm/ihr& sicher.;FACH;RS;01;E2
#RS21.15=&Ihm/Ihr& gelingt das selbstständige Zerlegen von Wörtern in Silben sicher.;FACH;RS;01;E2
#RS21.16=$Vorname$  gelingt das selbstständige Zerlegen von Wörtern in Silben sicher.;FACH;RS;01;E2
#RS22.01=$Vorname$ entwickelt ein gutes Regelbewusstsein für die Rechtschreibung und ist in der Lage, Laute sicher zu unterscheiden.;FACH;RS;02;E2
#RS22.02=Beim Verfassen eigener Texte wendet $Vorname$ erste rechtschriftliche Kenntnisse an.;FACH;RS;02;E2
#RS22.03=Dabei achtet $Vorname$ gut auf die Einhaltung von Wort- und Satzgrenzen und schreibt Satzanfänge mit großem Anfangsbuchstaben.;FACH;RS;02;E2
#RS22.04=$Vorname$ schreibt Texte meist fehlerfrei ab.;FACH;RS;02;E2
#RS22.05=Abschreibtechniken nutzt $Vorname$  selbständig und schreibt bekannte Texte mit überwiegend lautgetreuen Wörtern fehlerfrei ab.;FACH;RS;02;E2
#RS22.06=&Er/Sie& nutzt Abschreibtechniken selbständig und schreibt bekannte Texte mit überwiegend lautgetreuen Wörtern fehlerfrei ab.;FACH;RS;02;E2
#RS22.07=$Vorname$  nutzt Abschreibtechniken selbständig und schreibt bekannte Texte mit überwiegend lautgetreuen Wörtern fehlerfrei ab.;FACH;RS;02;E2
#RS23.01=$Vorname$ entwickelt ein Regelbewusstsein für die Rechtschreibung und kann Laute teilweise sicher voneinander unterscheiden.;FACH;RS;03;E2
#RS23.02=Beim Verfassen eigener Texte wendet $Vorname$ erste rechtschriftliche Kenntnisse an.;FACH;RS;03;E2
#RS23.03=Dabei achtet $Vorname$ in der Regel auf die Einhaltung von Wort- und Satzgrenzen und schreibt Satzanfänge mit großem Anfangsbuchstaben.;FACH;RS;03;E2
#RS23.04=$Vorname$ schreibt Texte mit wenigen Fehlern ab.;FACH;RS;03;E2
#RS24.01=$Vorname$ entwickelt ansatzweise ein Regelbewusstsein für die Rechtschreibung und kann Laute teilweise sicher voneinander unterscheiden.;FACH;RS;04;E2
#RS24.02=Beim Verfassen eigener Texte wendet $Vorname$ erste rechtschriftliche Kenntnisse an. ;FACH;RS;04;E2
#RS24.03=$Vorname$ hat teilweise noch Schwierigkeiten, Wort- und Satzgrenzen einzuhalten und Sätze vollständig auszuformulieren.;FACH;RS;04;E2
#RS24.04=Bei Abschreibübungen unterlaufen $Vorname$ manchmal noch Fehler.;FACH;RS;04;E2
#RS33.01=$Vorname$ kann auch längere Texte fehlerfrei abschreiben. ;FACH;RS;03;03
#RS33.02=$Vorname$ kann bereits gelernte Rechtschreibregeln richtig anzuwenden. ;FACH;RS;03;03
#RS33.03=In der Rechtschreibung beweist $Vorname$, dass &er%sie& über ein beachtliches Regelwissen verfügt.;FACH;RS;03;03
#RS33.04=$Vorname$ Rechtschreibleistung ist bereits sicher ausgeprägt. ;FACH;RS;03;03
#RS33.05=$Vorname$ kann grundlegende Regeln der Rechtschreibung berücksichtigen. ;FACH;RS;03;03
#RS33.06=$Vorname$ ist fähig Merkhilfenund Regeln zu finden und richtig anzuwenden. ;FACH;RS;03;03
#RS33.07=$Vorname$ kennt sehr genau grundlegende Regeln der Rechtschreibung und nutzt sie selbständig.;FACH;RS;03;03
#RS33.08=$Vorname$ kann die Rechtschreibung in &seinen%ihren& Texten mit dem Wörterbuch/PC überprüfen. ;FACH;RS;03;03
#RS33.09=$Vorname$ nutzt Überarbeitungsmöglichkeiten (Wörterbuch/PC) selbständig und sicher.;FACH;RS;03;03
#RS33.10=$Vorname$ kann auch längere Texte weitgehend fehlerfrei abschreiben.;FACH;RS;03;03
#RS33.11=$Vorname$ ist fähig Merkhilfenund Regeln richtig anzuwenden. ;FACH;RS;03;03
#RS33.12=$Vorname$ Rechschreibleistung ist (in der Regel) beständig und meistens fehlerfrei.;FACH;RS;03;03
#RS33.13=Gelernte Rechtschreibregeln kann $Vorname$ schon recht sicher anwenden. ;FACH;RS;03;03
#RS33.14=Beim Schreiben wendet $Vorname$ die gelernten Rechtschreibregeln an und kann die Texte dadurch meist fehlerfrei aufschreiben. ;FACH;RS;03;03
#RS33.15=$Vorname$ kann meist die Rechtschreibung in &seinen%ihren& Texten mit dem Wörterbuch/PC überprüfen. ;FACH;RS;03;03
#RS33.16=$Vorname$ nutzt Überarbeitungsmöglichkeiten (Wörterbuch/PC).;FACH;RS;03;03
#RS33.17=Geübte Texte/Lernwörter schreibt $Vorname$ noch mit wechselnder Fehlerzahl ab.;FACH;RS;03;03
#RS33.18=Geübte Texte/Lernwörter schreibt $Vorname$ meist nicht (ganz) fehlerfrei. ;FACH;RS;03;03
#RS33.19=Einige Texte schreibt $Vorname$ teilweise rechtschriftlich sicher auf, indem &er%sie& manche grundlegenden Regeln der Rechtschreibung berücksichtigt ;FACH;RS;03;03
#RS33.20=$Vorname$ ist nicht immer in der Lage, Merkhilfen und Rechtschreibregeln richtig anzuwenden.;FACH;RS;03;03
#RS33.21=$Vorname$ beginnt in der Rechtschreibung ein Regelwissen aufzubauen und wendet einfache Regeln an.;FACH;RS;03;03
#RS33.22=Im Bereich Rechtschreiben gewinnt $Vorname$ zunehmend an Sicherheit. ;FACH;RS;03;03
#RS33.23=$Vorname$ nutzt zunehmend Überarbeitunsmöglichkeit (Wörterbuch/Pc).;FACH;RS;03;03
#RS33.24=$Vorname$ kennt grundlegende Regelungen der Rechtschreibung und nutzt sie zunehmend.;FACH;RS;03;03
#RS33.25=$Vorname$ unterlaufen beim Abschreiben von Texten/Lernwörtern noch zu viele Fehler. ;FACH;RS;03;03
#RS33.26=$Vorname$ Rechtschreibleistung ist noch nicht gefestigt.;FACH;RS;03;03
#RS33.27=Da $Vorname$ gelernte Rechtschreibregeln kaum anwenden und die Wortarten noch nicht sicher unterscheiden kann, unterlaufen &ihm%ihr& noch viele Fehler.;FACH;RS;03;03
#RS33.28=Es gelingt $Vorname$ zwar schon häufiger gelernte Rechtschreibregeln anzuwenden, jedoch ist &sein%ihr& Regelbewusstsein noch nicht gefestigt.;FACH;RS;03;03
#RS33.29=$Vorname$ kennt grundlegende Regeln der Rechtschreibung, hat aber noch Mühe diese anzuwenden.;FACH;RS;03;03
#RS33.30=$Vorname$ erfasst einige Regeln zur Rechtschreibung, wendet diese aber noch zu selten an.;FACH;RS;03;03
#RS33.31=$Vorname$ kann Wörter/Texte im Hinblick auf die Rechtschreibung noch nicht selbständig überprüfen (Wörterbuch/Pc).;FACH;RS;03;03
#RS33.32=$Vorname$ kann nur sehr wenige Wörter des Grundwortschatzes sicher schreiben.;FACH;RS;03;03
#RS33.33=$Vorname$ kann noch nicht methodisch sinnvoll und korrekt abschreiben.;FACH;RS;03;03
#RS33.34=Merkhilfen und Rechtschreibregeln kann $Vorname$ noch nicht anwenden.;FACH;RS;03;03
#RS33.35=$Vorname$ erfasst wenige Regeln zur Rechtschreibung, wendet diese noch zu selten an. ;FACH;RS;03;03
#RS33.36=Überarbeitungsmöglichkeiten (Wörterbuch/PC) kann $Vorname$ noch nicht nutzen.;FACH;RS;03;03
#RS33.37=$Vorname$ kennt grundlegende Regelungen der Rechtschreibung nur (sehr) unvollständig. ;FACH;RS;03;03
#RS33.38=Im Deutschunterricht ist $Vorname$  in der Lage, Laute zu unterscheiden.;FACH;RS;03;03
#RS33.39=&Er/Sie& ist in der Lage, Laute zu unterscheiden.;FACH;RS;03;03
#RS33.40=$Vorname$  ist in der Lage, Laute zu unterscheiden.;FACH;RS;03;03
#RS33.41=Lautgetreue Wörter verschriftet $Vorname$  angemessen. Dabei hält &er/sie& Wortgrenzen in der Regel ein.;FACH;RS;03;03
#RS33.42=&Er/Sie& verschriftet lautgetreue Wörter angemessen. Dabei hält &er/sie& Wortgrenzen in der Regel ein.;FACH;RS;03;03
#RS33.43=$Vorname$  verschriftet lautgetreue Wörter angemessen. Dabei hält &er/sie& Wortgrenzen in der Regel ein.;FACH;RS;03;03
#RS33.44=In der Regel gelingt es &ihm/ihr&, Buchstaben zu identifizieren.;FACH;RS;03;03
#RS33.45=&Er/Sie& kann Buchstaben in der Regel identifizieren.;FACH;RS;03;03
#RS33.46=$Vorname$  kann Buchstaben in der Regel identifizieren.;FACH;RS;03;03
#RS33.47=Es gelingt &ihm/ihr& Wörter in Silben selbstständig zu zerlegen.;FACH;RS;03;03
#RS33.48=&Ihm/Ihr& gelingt das selbstständige Zerlegen von Wörtern in Silben.;FACH;RS;03;03
#RS33.49=$Vorname$  gelingt das selbstständige Zerlegen von Wörtern in Silben.;FACH;RS;03;03
#RS44.01=Im Deutschunterricht ist $Vorname$  meistens in der Lage, Laute zu unterscheiden.;FACH;RS;04;04
#RS44.02=&Er/Sie& ist meistens in der Lage, Laute zu unterscheiden.;FACH;RS;04;04
#RS44.03=$Vorname$  ist meistens in der Lage, Laute zu unterscheiden.;FACH;RS;04;04
#RS44.04=Im Deutschunterricht ist $Vorname$  noch nicht in der Lage, Laute zu unterscheiden.;FACH;RS;04;04
#RS44.05=&Er/Sie& ist noch nicht in der Lage, Laute zu unterscheiden.;FACH;RS;04;04
#RS44.06=$Vorname$  ist noch nicht in der Lage, Laute zu unterscheiden.;FACH;RS;04;04
#RS44.07=Lautgetreue Wörter verschriftet $Vorname$  teilweise angemessen. Dabei hält &er/sie& Wortgrenzen manchmal ein.;FACH;RS;04;04
#RS44.08=&Er/Sie& verschriftet lautgetreue Wörter teilweise angemessen. Dabei hält &er/sie& Wortgrenzen manchmal ein.;FACH;RS;04;04
#RS44.09=$Vorname$  verschriftet lautgetreue Wörter teilweise angemessen. Dabei hält &er/sie& Wortgrenzen manchmal ein.;FACH;RS;04;04
#RS44.10=Lautgetreue Wörter verschriftet $Vorname$  noch nicht angemessen. Dabei hält &er/sie& Wortgrenzen kaum ein.;FACH;RS;04;04
#RS44.11=&Er/Sie& verschriftet lautgetreue Wörter noch nicht angemessen. Dabei hält &er/sie& Wortgrenzen kaum ein.;FACH;RS;04;04
#RS44.12=$Vorname$  verschriftet lautgetreue Wörter nocht nicht angemessen. Dabei hält &er/sie& Wortgrenzen kaum ein.;FACH;RS;04;04
#RS44.13=Meistens gelingt es &ihm/ihr& Buchstaben zu identifizieren.;FACH;RS;04;04
#RS44.14=&Er/Sie& kann Buchstaben meistens identifizieren.;FACH;RS;04;04
#RS44.15=$Vorname$  kann Buchstaben meistens identifizieren.;FACH;RS;04;04
#RS44.16=Es gelingt &ihm/ihr& noch nicht Buchstaben zu identifizieren.;FACH;RS;04;04
#RS44.17=&Er/Sie& kann Buchstaben noch nicht identifizieren.;FACH;RS;04;04
#RS44.18=$Vorname$  kann Buchstaben noch nicht identifizieren.;FACH;RS;04;04
#RS44.19=Es gelingt &ihm/ihr& in einigen Fällen, Wörter in Silben zu zerlegen.;FACH;RS;04;04
#RS44.20=&Ihm/Ihr& gelingt in einigen Fällen das Zerlegen von Wörtern in Silben.;FACH;RS;04;04
#RS44.21=$Vorname$  gelingt in einigen Fällen das Zerlegen von Wörtern in Silben.;FACH;RS;04;04
#RS44.22=Es gelingt &ihm/ihr& noch nicht, Wörter in Silben zu zerlegen.;FACH;RS;04;04
#RS44.23=&Ihm/Ihr& gelingt das Zerlegen von Wörtern in Silben noch nicht.;FACH;RS;04;04
#RS44.24=$Vorname$  gelingt das Zerlegen von Wörtern in Silben noch nicht.;FACH;RS;04;04
#SG11.01=$Vorname$ kann &seine%ihre& Gedanken sehr angemessen und verständlich verbalisieren.;FACH;SG;01;E1
#SG11.02=$Vorname$ beteiligt sich sehr häufig an themenbezogenen Gesprächen.;FACH;SG;01;E1
#SG11.03=Die gemeinsam vereinbarten Gesprächsregeln hält $Vorname$ stets ein.;FACH;SG;01;E1
#SG11.04=Im Fach Deutsch bringt $Vorname$ sehr häufig eigene Ideen mit ein und äußert sich sehr anschaulich, wortreich und sprachlich korrekt.;FACH;SG;01;E1
#SG11.05=Im Fach Deutsch gelingt es $Vorname$ stets zusammenhängend, sehr anschaulich und verständlich zu erzählen.;FACH;SG;01;E1
#SG11.06=Es gelingt $Vorname$ anderen konzentriert zuzuhören und gezielt auf das Gehörte einzugehen.;FACH;SG;01;E1
#SG11.07=Kurze Texte und Gedichte vorzutragen bereitet $Vorname$ große Freude.;FACH;SG;01;E1
#SG11.08=$Vorname$ schreibt eigene kurze Texte sehr verständlich auf.;FACH;SG;01;E1
#SG11.09=Im Fach Deutsch schreibt $Vorname$ angeleitete Texte sicher in vollständigen Sätzen.;FACH;SG;01;E1
#SG11.10=Eigene freie Texte schreibt $Vorname$ logisch durchdacht und in ganzen Sätzen auf.;FACH;SG;01;E1
#SG11.11=$Vorname$ gelingt es, stets flüssig und formklar in Druckschrift zu schreiben.;FACH;SG;01;E1
#SG11.12=$Vorname$ schreibt die eingeführten Buchstaben stets bewegungsrichtig und formklar.;FACH;SG;01;E1
#SG11.13=Texte kann $Vorname$  stets inhaltlich verständlich darstellen und &er/sie& beherrscht bereits eine abwechslungsreiche Sprachgestaltung.;FACH;SG;01;E1
#SG11.14=&Er/Sie& kann Texte stets inhaltlich verständlich darstellen und beherrscht bereits eine abwechslungsreiche Sprachgestaltung.;FACH;SG;01;E1
#SG11.15=$Vorname$  kann Texte stets inhaltlich verständlich darstellen und beherrscht bereits eine abwechslungsreiche Sprachgestaltung.;FACH;SG;01;E1
#SG11.16=Es gelingt &ihm/ihr& immer, freie Texte in Sätzen aufzuschreiben.;FACH;SG;01;E1
#SG11.17=&Er/Sie& schreibt freie Texte immer in Sätzen auf.;FACH;SG;01;E1
#SG11.18=$Vorname$  schreibt freie Texte immer in Sätzen auf.;FACH;SG;01;E1
#SG11.19=Die Grundschrift schreibt &er/sie& sehr formklar.;FACH;SG;01;E1
#SG11.20=&Er/Sie& schreibt die Grundschrift sehr formklar.;FACH;SG;01;E1
#SG11.21=$Vorname$  schreibt die Grundschrift sehr formklar.;FACH;SG;01;E1
#SG11.22=An Gesprächen beteiligt sich $Vorname$  stets, entwickelt einfache Gesprächsregeln und hält diese sehr verlässlich ein.;FACH;SG;01;E1
#SG11.23=&Er/Sie& beteiligt sich stets an Gesprächen, entwickelt einfache Gesprächsregeln und hält diese sehr verlässlich ein.;FACH;SG;01;E1
#SG11.24=$Vorname$  beteiligt sich stets an Gesprächen, entwickelt einfache Gesprächsregeln und hält diese sehr verlässlich ein.;FACH;SG;01;E1
#SG11.25=Im Unterricht drückt $Vorname$  sich sprachlich äußerst gewandt und differenziert aus.;FACH;SG;01;E1
#SG11.26=&Er/Sie& drückt sich sprachlich äußerst gewandt und differenziert aus.;FACH;SG;01;E1
#SG11.27=$Vorname$  drückt sich sprachlich äußerst gewandt und differenziert aus.;FACH;SG;01;E1
#SG12.01=$Vorname$ kann &seine%ihre& Gedanken angemessen und verständlich verbalisieren.;FACH;SG;02;E1
#SG12.02=$Vorname$ beteiligt sich häufig an themenbezogenen Gesprächen.;FACH;SG;02;E1
#SG12.03=Die gemeinsam vereinbarten Gesprächsregeln hält $Vorname$ meistens ein.;FACH;SG;02;E1
#SG12.04=Die gemeinsam vereinbarten Gesprächsregeln hält $Vorname$ gelegentlich ein.;FACH;SG;02;E1
#SG12.05=Im Fach Deutsch bringt $Vorname$ häufig eigene Ideen mit ein. Dabei äußert sich $Vorname$ anschaulich, wortreich und sprachlich korrekt. ;FACH;SG;02;E1
#SG12.06=Im Fach Deutsch gelingt es $Vorname$ meist zusammenhängend, anschaulich und verständlich zu erzählen.;FACH;SG;02;E1
#SG12.07=Es gelingt $Vorname$ anderen konzentriert zuzuhören und auf das Gehörte einzugehen.;FACH;SG;02;E1
#SG12.08=Es gelingt $Vorname$ kurze Texte und Gedichte sicher vorzutragen.;FACH;SG;02;E1
#SG12.09=$Vorname$ schreibt eigene kurze Texte verständlich auf.;FACH;SG;02;E1
#SG12.10=Im Fach Deutsch schreibt $Vorname$ angeleitete Texte zunehmend in einfachen Sätzen.;FACH;SG;02;E1
#SG12.11=Eigene freie Texte schreibt $Vorname$ logisch durchdacht und in meist ganzen Sätzen auf.;FACH;SG;02;E1
#SG12.12=$Vorname$ gelingt es, häufig flüssig und formklar in Druckschrift zu schreiben.;FACH;SG;02;E1
#SG12.13=$Vorname$ schreibt die eingeführten Buchstaben überwiegend bewegungsrichtig und formklar.;FACH;SG;02;E1
#SG12.14=Texte kann $Vorname$  stets inhaltlich verständlich darstellen und &er/sie& beherrscht bereits eine abwechslungsreiche Sprachgestaltung.;FACH;SG;02;E1
#SG12.15=&Er/Sie& kann Texte stets inhaltlich verständlich darstellen und &er/sie& beherrscht bereits eine abwechslungsreiche Sprachgestaltung.;FACH;SG;02;E1
#SG12.16=$Vorname$  kann Texte stets inhaltlich verständlich darstellen und beherrscht bereits eine abwechslungsreiche Sprachgestaltung.;FACH;SG;02;E1
#SG12.17=Eigene Texte schreibt &er/sie& in sehr origineller und fantasievoller Weise.;FACH;SG;02;E1
#SG12.18=&Er/Sie& schreibt eigene Texte in sehr origineller und fantasievoller Weise.;FACH;SG;02;E1
#SG12.19=$Vorname$  schreibt eigene Texte in sehr origineller und fantasievoller Weise.;FACH;SG;02;E1
#SG12.20=Die Grundschrift schreibt &er/sie& sehr flüssig und formklar. Dabei hält &er/sie& die Lineatur stets ein.;FACH;SG;02;E1
#SG12.21=&Er/Sie& schreibt die Grundschrift sehr flüssig und formklar. Dabei hält &er/sie& die Lineatur stets ein.;FACH;SG;02;E1
#SG12.22=$Vorname$  schreibt die Grundschrift sehr flüssig und formklar. Dabei hält &er/sie& die Lineatur stets ein.;FACH;SG;02;E1
#SG12.23=Im Unterricht spricht &er/sie& äußerst verständlich und situationsangemessen.;FACH;SG;02;E1
#SG12.24=&Er/Sie& spricht äußerst verständlich und situationsangemessen.;FACH;SG;02;E1
#SG12.25=$Vorname$  spricht äußerst verständlich und situationsangemessen.;FACH;SG;02;E1
#SG12.26=Es gehört zu &seinen/ihren& besonderen Stärken lebendig, interessant und zuhörerbezogen zu erzählen.;FACH;SG;02;E1
#SG12.27=&Er/Sie& kann besonders lebendig, interessant und zuhörerbezogen erzählen.;FACH;SG;02;E1
#SG12.28=$Vorname$  kann besonders lebendig, interessant und zuhörerbezogen erzählen.;FACH;SG;02;E1
#SG12.29=Es fällt &ihm/ihr& äußerst leicht, &seinen/ihren& umfangreichen und differenzierten Wortschatz sprachlich richtig anzuwenden und Beobachtungen und Erlebnisse lebendig darzustellen.;FACH;SG;02;E1
#SG12.30=&Ihm/Ihr& fällt es äußerst leicht, &seinen/ihren& umfangreichen und differenzierten Wortschatz sprachlich richtig anzuwenden und Beobachtungen und Erlebnisse lebendig darzustellen.;FACH;SG;02;E1
#SG12.31=$Vorname$  fällt es äußerst leicht, &seinen/ihren& umfangreichen und differenzierten Wortschatz sprachlich richtig anzuwenden und Beobachtungen und Erlebnisse lebendig darzustellen.;FACH;SG;02;E1
#SG12.32=Im Unterricht beteiligt &er/sie& sich stets an Gesprächen, entwickelt einfache Gesprächsregeln und hält diese sehr verlässlich ein.;FACH;SG;02;E1
#SG12.33=&Er/Sie& beteiligt sich stets an Gesprächen, entwickelt einfache Gesprächsregeln und hält diese sehr verlässlich ein.;FACH;SG;02;E1
#SG12.34=$Vorname$  beteiligt sich stets an Gesprächen, entwickelt einfache Gesprächsregeln und hält diese sehr verlässlich ein.;FACH;SG;02;E1
#SG12.35=Im Unterricht hört &er/sie& mit großer Aufmerksamkeit zu, wenn andere erzählen.;FACH;SG;02;E1
#SG12.36=&Er/Sie& hört mit großer Aufmerksamkeit zu, wenn andere erzählen.;FACH;SG;02;E1
#SG12.37=$Vorname$  hört mit großer Aufmerksamkeit zu, wenn andere erzählen.;FACH;SG;02;E1
#SG13.01=$Vorname$ kann &seine%ihre& Gedanken teilweise angemessen und verständlich verbalisieren.;FACH;SG;03;E1
#SG13.02=$Vorname$ beteiligt sich gelegentlich an themenbezogenen Gesprächen.;FACH;SG;03;E1
#SG13.03=Die gemeinsam vereinbarten Gesprächsregeln hält $Vorname$ dabei selten ein.;FACH;SG;03;E1
#SG13.04=Im Fach Deutsch bringt $Vorname$ gelegentlich eigene Ideen mit ein. Dabei äußert sich $Vorname$ meistens wortreich und sprachlich korrekt. ;FACH;SG;03;E1
#SG13.05=Im Fach Deutsch gelingt es $Vorname$ zunehmend, anschaulich, zusammenhängend und verständlich zu erzählen.;FACH;SG;03;E1
#SG13.06=Es gelingt $Vorname$ meistens anderen konzentriert und aufmerksam zuzuhören.;FACH;SG;03;E1
#SG13.07=Es gelingt $Vorname$ kurze Texte und Gedichte zunehmend sicher vorzutragen.;FACH;SG;03;E1
#SG13.08=$Vorname$ schreibt eigene kurze Texte zunehmend verständlich auf.;FACH;SG;03;E1
#SG13.09=Im Fach Deutsch schreibt $Vorname$ angeleitete Texte nur ansatzweise in einfachen Sätzen.;FACH;SG;03;E1
#SG13.10=$Vorname$ verfügt über kreative Ideen für eigene Texte, hat aber gelegentlich noch Schwierigkeiten, diese ausdauernd und verständlich zu Papier zu bringen.;FACH;SG;03;E1
#SG13.11=$Vorname$ gelingt es, teilweise flüssig und formklar in Druckschrift zu schreiben.;FACH;SG;03;E1
#SG13.12=$Vorname$ schreibt die eingeführten Buchstaben zunehmend bewegungsrichtig und recht formklar.;FACH;SG;03;E1
#SG13.13=Beim Erzählen spricht &er/sie& deutlich und gebraucht grammatisch richtige Wort und Satzformen.;FACH;SG;03;E1
#SG13.14=&Er/Sie& spricht beim Erzählen deutlich und gebraucht grammatisch richtige Wort und Satzformen.;FACH;SG;03;E1
#SG13.15=$Vorname$  spricht beim Erzählen deutlich und gebraucht grammatisch richtige Wort und Satzformen.;FACH;SG;03;E1
#SG13.16=Gesprächsbeiträge wie eigene Ideen und Meinungen bringt $Vorname$  stets ein und greift Beiträge anderer themenbezogen auf.;FACH;SG;03;E1
#SG13.17=&Er/Sie& bringt Gesprächsbeiträge wie eigene Ideen und Meinungen stets ein und greift Beiträge anderer themenbezogen auf.;FACH;SG;03;E1
#SG13.18=$Vorname$  bringt Gesprächsbeiträge wie eigene Ideen und Meinungen stets ein und greift Beiträge anderer themenbezogen auf.;FACH;SG;03;E1
#SG13.19=Über einen umfangreichen Wortschatz verfügt $Vorname$  und &er/sie& erzählt persönliche Erlebnisse anschaulich und wortgewandt.;FACH;SG;03;E1
#SG13.20=&Er/Sie& verfügt über einen umfangreichen Wortschatz und &er/sie& erzählt persönliche Erlebnisse anschaulich und wortgewandt.;FACH;SG;03;E1
#SG13.21=$Vorname$  verfügt über einen umfangreichen Wortschatz und &er/sie& erzählt persönliche Erlebnisse anschaulich und wortgewandt.;FACH;SG;03;E1
#SG13.22=Schreibabsichten, Schreibsituationen und Adressatenbezug klärt $Vorname$  genau, plant Texte außergewöhnlich selbständig mit verschiedenen Methoden und schreibt diese sehr angemessen, verständlich und strukturiert auf.;FACH;SG;03;E1
#SG13.23=&Er/Sie& klärt Schreibabsichten, Schreibsituationen und Adressatenbezug genau, plant Texte außergewöhnlich selbständig mit verschiedenen Methoden und schreibt diese sehr angemessen, verständlich und strukturiert auf.;FACH;SG;03;E1
#SG13.24=$Vorname$  klärt Schreibabsichten, Schreibsituationen und Adressatenbezug genau, plant Texte außergewöhnlich selbständig mit verschiedenen Methoden und schreibt diese sehr angemessen, verständlich und strukturiert auf.;FACH;SG;03;E1
#SG13.25=Es gelingt $Vorname$  stets, &seine/ihre& gestalteten Texte in Form und Schrift für die Endfassung zu überarbeiten.;FACH;SG;03;E1
#SG13.26=&Ihm/Ihr& gelingt es stets, &seine/ihre& gestalteten Texte in Form und Schrift für die Endfassung zu überarbeiten.;FACH;SG;03;E1
#SG13.27=$Vorname$  gelingt es stets, &seine/ihre& gestalteten Texte in Form und Schrift für die Endfassung zu überarbeiten.;FACH;SG;03;E1
#SG14.01=$Vorname$ kann &seine%ihre& Gedanken ansatzweise angemessen und verständlich verbalisieren.;FACH;SG;04;E1
#SG14.02=$Vorname$ beteiligt sich selten an themenbezogenen Gesprächen.;FACH;SG;04;E1
#SG14.03=Im Fach Deutsch bringt $Vorname$ selten eigene Ideen mit ein. Dabei äußert sich $Vorname$ zunehmend anschaulich, wortreich und meist sprachlich korrekt.;FACH;SG;04;E1
#SG14.04=Im Fach Deutsch gelingt es $Vorname$ ansatzweise, zusammenhängend, anschaulich und verständlich zu erzählen.;FACH;SG;04;E1
#SG14.05=Es gelingt $Vorname$ zunehmend, anderen konzentriert und aufmerksam zuzuhören.;FACH;SG;04;E1
#SG14.06=Es gelingt $Vorname$ noch nicht immer, kurze Texte und Gedichte sicher vorzutragen.;FACH;SG;04;E1
#SG14.07=$Vorname$ schreibt eigene kurze Texte ansatzweise verständlich auf.;FACH;SG;04;E1
#SG14.08=$Vorname$ verfügt über kreative Ideen für eigene Texte, hat aber häufig Schwierigkeiten, diese ausdauernd und verständlich zu Papier zu bringen.;FACH;SG;04;E1
#SG14.09=$Vorname$ gelingt es, ansatzweise flüssig und formklar in Druckschrift zu schreiben.;FACH;SG;04;E1
#SG14.10=$Vorname$ fällt es noch schwer, die eingeführten Buchstaben bewegungsrichtig und formklar zu schreiben.;FACH;SG;04;E1
#SG15.01=Im Fach Deutsch bringt $Vorname$ selten eigene Ideen mit ein. Dabei äußert sich $Vorname$ ansatzweise anschaulich, wortreich und zunehmend sprachlich korrekt.;FACH;SG;05;E1
#SG15.02=Es gelingt $Vorname$ noch nicht immer, anderen konzentriert und aufmerksam zuzuhören.;FACH;SG;05;E1
#SG15.03=$Vorname$ fällt es häufig noch schwer, die eingeführten Buchstaben bewegungsrichtig und formklar zu schreiben.;FACH;SG;05;E1
#SG21.01=Im Deutschunterricht beteiligt sich $Vorname$ stets aktiv mit durchdachten und weiterführenden Beiträgen am Unterrichtsgeschehen.;FACH;SG;01;E2
#SG21.02=Dabei kann sich $Vorname$ sehr klar und zusammenhängend in einem altersgerechten Wortschatz ausdrücken.;FACH;SG;01;E2
#SG21.03=Auch im Erzählkreis berichtet $Vorname$ sehr gerne und ausführlich von eigenen Erlebnissen.;FACH;SG;01;E2
#SG21.04=An vereinbarte Erzähl- und Zuhörregeln kann sich $Vorname$ immer halten.;FACH;SG;01;E2
#SG21.05=Gelegenheiten zum freien Schreiben ergreift $Vorname$ weiterhin motiviert.;FACH;SG;01;E2
#SG21.06=Dabei gelingt es $Vorname$ gut, über Schreibanlässe zu sprechen, Schreibideen zu entwickeln und eigene Texte sehr verständlich aufzuschreiben.;FACH;SG;01;E2
#SG21.07=Auch das Verfassen von Texten nach Vorgaben gelingt $Vorname$ problemlos.;FACH;SG;01;E2
#SG21.08=Texte kann $Vorname$  inhaltlich verständlich darstellen und &er/sie& beherrscht bereits eine abwechslungsreiche Sprachgestaltung.;FACH;SG;01;E2
#SG21.09=&Er/Sie& kann Texte inhaltlich verständlich darstellen und beherrscht bereits eine abwechslungsreiche Sprachgestaltung.;FACH;SG;01;E2
#SG21.10=$Vorname$  kann Texte inhaltlich verständlich darstellen und beherrscht bereits eine abwechslungsreiche Sprachgestaltung.;FACH;SG;01;E2
#SG21.11=Es gelingt &ihm/ihr&, freie Texte in Sätzen aufzuschreiben.;FACH;SG;01;E2
#SG21.12=&Er/Sie& schreibt freie Texte in Sätzen auf.;FACH;SG;01;E2
#SG21.13=$Vorname$  schreibt freie Texte in Sätzen auf.;FACH;SG;01;E2
#SG21.14=Die Grundschrift schreibt &er/sie& formklar.;FACH;SG;01;E2
#SG21.15=&Er/Sie& schreibt die Grundschrift formklar.;FACH;SG;01;E2
#SG21.16=$Vorname$  schreibt die Grundschrift formklar.;FACH;SG;01;E2
#SG21.17=Im Deutschunterricht beteiligt sich $Vorname$  an Gesprächen, entwickelt einfache Gesprächsregeln und hält diese verlässlich ein.;FACH;SG;01;E2
#SG21.18=&Er/Sie& beteiligt sich an Gesprächen, entwickelt einfache Gesprächsregeln und hält diese verlässlich ein.;FACH;SG;01;E2
#SG21.19=$Vorname$  beteiligt sich an Gesprächen, entwickelt einfache Gesprächsregeln und hält diese verlässlich ein.;FACH;SG;01;E2
#SG21.20=Im Unterricht drückt $Vorname$  sich sprachlich gewandt und differenziert aus.;FACH;SG;01;E2
#SG21.21=&Er/Sie& drückt sich sprachlich gewandt und differenziert aus.;FACH;SG;01;E2
#SG21.22=$Vorname$  drückt sich sprachlich gewandt und differenziert aus.;FACH;SG;01;E2
#SG22.01=Im Deutschunterricht beteiligt sich $Vorname$ aktiv mit durchdachten und weiterführenden Beiträgen am Unterrichtsgeschehen.;FACH;SG;02;E2
#SG22.02=Dabei kann sich $Vorname$ klar und zusammenhängend in einem altersgerechten Wortschatz ausdrücken.;FACH;SG;02;E2
#SG22.03=Auch im Erzählkreis berichtet $Vorname$ gerne und verständlich von eigenen Erlebnissen.;FACH;SG;02;E2
#SG22.04=An vereinbarte Erzähl- und Zuhörregeln kann sich $Vorname$ gut halten.;FACH;SG;02;E2
#SG22.05=Gelegenheiten zum freien Schreiben ergreift $Vorname$ weiterhin motiviert.;FACH;SG;02;E2
#SG22.06=Dabei gelingt es $Vorname$ in der Regel gut, über Schreibanlässe zu sprechen, Schreibideen zu entwickeln und eigene Texte verständlich aufzuschreiben.;FACH;SG;02;E2
#SG22.07=Auch das Verfassen von Texten nach Vorgaben gelingt $Vorname$ häufig schon gut.;FACH;SG;02;E2
#SG22.08=Texte kann $Vorname$  inhaltlich verständlich darstellen und &er/sie& beherrscht bereits eine abwechslungsreiche Sprachgestaltung.;FACH;SG;02;E2
#SG22.09=&Er/Sie& kann Texte inhaltlich verständlich darstellen und &er/sie& beherrscht bereits eine abwechslungsreiche Sprachgestaltung.;FACH;SG;02;E2
#SG22.10=$Vorname$  kann Texte inhaltlich verständlich darstellen und beherrscht bereits eine abwechslungsreiche Sprachgestaltung.;FACH;SG;02;E2
#SG22.11=Eigene Texte schreibt &er/sie& in origineller und fantasievoller Weise.;FACH;SG;02;E2
#SG22.12=&Er/Sie& schreibt eigene Texte in origineller und fantasievoller Weise.;FACH;SG;02;E2
#SG22.13=$Vorname$  schreibt eigene Texte in origineller und fantasievoller Weise.;FACH;SG;02;E2
#SG22.14=Die Grundschrift schreibt &er/sie& flüssig und formklar. Dabei hält &er/sie& die Lineatur ein.;FACH;SG;02;E2
#SG22.15=&Er/Sie& schreibt die Grundschrift flüssig und formklar. Dabei hält &er/sie& die Lineatur ein.;FACH;SG;02;E2
#SG22.16=$Vorname$  schreibt die Grundschrift flüssig und formklar. Dabei hält &er/sie& die Lineatur ein.;FACH;SG;02;E2
#SG22.17=Im Unterricht spricht &er/sie& verständlich und situationsangemessen.;FACH;SG;02;E2
#SG22.18=&Er/Sie& spricht verständlich und situationsangemessen.;FACH;SG;02;E2
#SG22.19=$Vorname$  spricht verständlich und situationsangemessen.;FACH;SG;02;E2
#SG22.20=Es gehört zu &seinen/ihren& Stärken lebendig, interessant und zuhörerbezogen zu erzählen.;FACH;SG;02;E2
#SG22.21=&Er/Sie& kann lebendig, interessant und zuhörerbezogen erzählen.;FACH;SG;02;E2
#SG22.22=$Vorname$  kann lebendig, interessant und zuhörerbezogen erzählen.;FACH;SG;02;E2
#SG22.23=Es fällt &ihm/ihr& leicht, &seinen/ihren& umfangreichen und differenzierten Wortschatz sprachlich anzuwenden und Beobachtungen und Erlebnisse lebendig darzustellen.;FACH;SG;02;E2
#SG22.24=&Ihm/Ihr& fällt es leicht, &seinen/ihren& umfangreichen und differenzierten Wortschatz sprachlich anzuwenden und Beobachtungen und Erlebnisse lebendig darzustellen.;FACH;SG;02;E2
#SG22.25=$Vorname$  fällt es leicht, &seinen/ihren& umfangreichen und differenzierten Wortschatz sprachlich anzuwenden und Beobachtungen und Erlebnisse lebendig darzustellen.;FACH;SG;02;E2
#SG22.26=Im Unterricht beteiligt &er/sie& sich an Gesprächen, entwickelt einfache Gesprächsregeln und hält diese verlässlich ein.;FACH;SG;02;E2
#SG22.27=&Er/Sie& beteiligt sich an Gesprächen, entwickelt einfache Gesprächsregeln und hält diese verlässlich ein.;FACH;SG;02;E2
#SG22.28=$Vorname$ beteiligt sich an Gesprächen, entwickelt einfache Gesprächsregeln und hält diese verlässlich ein.;FACH;SG;02;E2
#SG22.29=Im Unterricht hört &er/sie& mit Aufmerksamkeit zu, wenn andere erzählen.;FACH;SG;02;E2
#SG22.30=&Er/Sie& hört mit Aufmerksamkeit zu, wenn andere erzählen.;FACH;SG;02;E2
#SG22.31=$Vorname$  hört mit Aufmerksamkeit zu, wenn andere erzählen.;FACH;SG;02;E2
#SG23.01=Im Deutschunterricht beteiligt sich $Vorname$ je nach Unterrichtsgegenstand unterschiedlich aktiv am Unterrichtsgeschehen.;FACH;SG;03;E2
#SG23.02=$Vorname$ ist in der Lage, sich zu den unterrichtlichen Themen angemessen und zusammenhängend auszudrücken.;FACH;SG;03;E2
#SG23.03=Im Erzählkreis berichtet $Vorname$ gerne und verständlich, aber eher knapp von eigenen Erlebnissen.;FACH;SG;03;E2
#SG23.04=An vereinbarte Erzähl- und Zuhörregeln kann sich $Vorname$ immer besser halten.;FACH;SG;03;E2
#SG23.05=Gelegenheiten zum freien Schreiben ergreift $Vorname$ in der Regel gerne.;FACH;SG;03;E2
#SG23.06=Es gelingt $Vorname$ immer öfter über Schreibanlässe zu sprechen, Schreibideen zu entwickeln und eigene Texte verständlich aufzuschreiben.;FACH;SG;03;E2
#SG23.07=Manchmal benötigt $Vorname$ beim Verfassen von Texten nach Vorgaben noch ein wenig Unterstützung.;FACH;SG;03;E2
#SG23.08=Im Unterricht kann &er/sie& aktiv zuhören und bezieht eigene Äußerungen genau auf den Gesprächsverlauf.;FACH;SG;03;E2
#SG23.09=&Er/Sie& kann aktiv zuhören und bezieht eigene Äußerungen genau auf den Gesprächsverlauf.;FACH;SG;03;E2
#SG23.10=$Vorname$  kann aktiv zuhören und bezieht eigene Äußerungen genau auf den Gesprächsverlauf.;FACH;SG;03;E2
#SG24.01=Im Deutschunterricht beteiligt sich $Vorname$ teilweise aktiv am Unterrichtsgeschehen.;FACH;SG;04;E2
#SG24.02=Gelegentlich muss $Vorname$ auch zur aktiven Mitarbeit aufgefordert werden.;FACH;SG;04;E2
#SG24.03=Im Erzählkreis berichtet $Vorname$ gerne, aber eher knapp und in einem eingeschränkten Wortschatz von eigenen Erlebnissen.;FACH;SG;04;E2
#SG24.04=An vereinbarte Erzähl- und Zuhörregeln muss $Vorname$ manchmal noch erinnert werden.;FACH;SG;04;E2
#SG24.05=Es fällt $Vorname$ manchmal noch schwer, über Schreibanlässe zu sprechen, Schreibideen zu entwickeln und eigene Texte verständlich aufzuschreiben.;FACH;SG;04;E2
#SG24.06=$Vorname$ benötigt beim Verfassen von Texten nach Vorgaben noch Hilfe.;FACH;SG;04;E2
#SG33.01=$Vorname$ ist stets in der Lage, sich zu den unterrichtlichen Themen klar und zusammenhängend auszudrücken und Beiträge anderer themenbezogen aufzugreifen. ;FACH;SG;03;03
#SG33.02=An Klassengesprächen nimmt $Vorname$ aktiv teil und kann Gespräche jederzeit anregen und bereichern.;FACH;SG;03;03
#SG33.03=Im Unterricht verfügt $Vorname$ über ein ausgeprägtes Wissen und über einen umfangreichen Wortschatz.;FACH;SG;03;03
#SG33.04=Es fällt $Vorname$ leicht, eigene Schreibideen zu entwickeln und Texte unter Berücksichtigung erarbeiteter Schreibkriterien selbständig und sicher zu erfassen.;FACH;SG;03;03
#SG33.05=$Vorname$ ist oft in der Lage, sich zu den unterrichtlichen Themen klar und zusammenhängend auszudrücken und Beiträge anderer themenbezogen aufzugreifen.;FACH;SG;03;03
#SG33.06=An Klassengesprächen nimmt $Vorname$ regelmäßig teil und kann Gespräche häufig anregen und bereichern. ;FACH;SG;03;03
#SG33.07=Im Unterricht verfügt $Vorname$ über ein großes Wissen und über einen altersgemäßen Wortschatz.;FACH;SG;03;03
#SG33.08=$Vorname$ hat Freude daran, eigene Schreibideen zu entwickeln und Texte unter Berücksichtigung erarbeiteter Schreibkriterien selbständig und immer sicherer zu verfassen. ;FACH;SG;03;03
#SG33.09=$Vorname$ ist in der Lage, sich zu den unterrichtlichen Themen klar und zusammenhängend auszudrücken und Beiträge anderer themenbezogen aufzugreifen.;FACH;SG;03;03
#SG33.10=An Klassengesprächen nimmt $Vorname$ teil und kann Gespräche anregen und bereichern.;FACH;SG;03;03
#SG33.11=$Vorname$ hat Freude daran, eigene Schreibideen zu entwickeln und kleine Texte unter Berücksichtigung erarbeiteter Schreibkriterien immer selbständiger zu verfassen. ;FACH;SG;03;03
#SG33.12=$Vorname$ gewinnt zunehmend mehr Sicherheit darin, richtige und vollständige Sätze zu formulieren, Satzgrenzen einzuhalten und passendes Wortmaterial zu finden. ;FACH;SG;03;03
#SG33.13=$Vorname$ ist teilweise in der Lage, sich zu den unterrichtlichen Themen zunehmend verständlich zu äußern und Beiträge anderer themenbezogen aufzugreifen.;FACH;SG;03;03
#SG33.14=Mit wechselnder Anstrengungsbereitschaft nimmt $Vorname$ an Klassengesprächen teil und kann Gespräche teilweise anregen und bereichern.;FACH;SG;03;03
#SG33.15=$Vorname$ ist bemüht, eigene Schreibideen zu entwickeln und kleine Texte unter Berücksichtigung erarbeiteter Schreibkriterien zu verfassen.;FACH;SG;03;03
#SG33.16=$Vorname$ benötigt beim Verfassen von Texten unter Berücksichtigung erarbeiteter Schreibkriterien gelegentlich noch Unterstützung. ;FACH;SG;03;03
#SG33.17=Dabei gewinnt $Vorname$ zunehmend mehr Sicherheit darin, vollständige Sätze zu formulieren, auf Satzgrenzen zu achten und passendes Wortmaterial zu finden. ;FACH;SG;03;03
#SG33.18=In der Regel kann $Vorname$  Texte inhaltlich verständlich darstellen und &er/sie& beherrscht im Allgemeinen eine abwechslungsreiche Sprachgestaltung.;FACH;SG;03;03
#SG33.19=&Er/Sie& kann Texte in der Regel inhaltlich verständlich darstellen und beherrscht im Allgemeinen eine abwechslungsreiche Sprachgestaltung.;FACH;SG;03;03
#SG33.20=$Vorname$  kann Texte in der Regel inhaltlich verständlich darstellen und beherrscht im Allgemeinen eine abwechslungsreiche Sprachgestaltung.;FACH;SG;03;03
#SG33.21=Meistens gelingt es &ihm/ihr&, freie Texte in Sätzen aufzuschreiben.;FACH;SG;03;03
#SG33.22=&Er/Sie& schreibt freie Texte meistens in Sätzen auf.;FACH;SG;03;03
#SG33.23=$Vorname$  schreibt freie Texte meistens in Sätzen auf.;FACH;SG;03;03
#SG33.24=Die Grundschrift schreibt &er/sie& in der Regel formklar.;FACH;SG;03;03
#SG33.25=&Er/Sie& schreibt die Grundschrift in der Regel formklar.;FACH;SG;03;03
#SG33.26=$Vorname$  schreibt die Grundschrift in der Regel formklar.;FACH;SG;03;03
#SG33.27=Im Deutschunterricht beteiligt sich $Vorname$  oft an Gesprächen, entwickelt einfache Gesprächsregeln und hält diese ein.;FACH;SG;03;03
#SG33.28=&Er/Sie& beteiligt sich oft an Gesprächen, entwickelt einfache Gesprächsregeln und hält diese ein.;FACH;SG;03;03
#SG33.29=$Vorname$  beteiligt sich oft an Gesprächen, entwickelt einfache Gesprächsregeln und hält diese ein.;FACH;SG;03;03
#SG33.30=Im Unterricht drückt $Vorname$  sich sprachlich angemessen aus.;FACH;SG;03;03
#SG33.31=&Er/Sie& drückt sich sprachlich angemessen aus.;FACH;SG;03;03
#SG33.32=$Vorname$  drückt sich sprachlich angemessen aus.;FACH;SG;03;03
#SG33.33=In der Regel kann $Vorname$  Texte inhaltlich verständlich darstellen und &er/sie& beherrscht im Allgemeinen eine abwechslungsreiche Sprachgestaltung.;FACH;SG;03;03
#SG33.34=&Er/Sie& kann Texte in der Regel inhaltlich verständlich darstellen und &er/sie& beherrscht im Allgemeinen eine abwechslungsreiche Sprachgestaltung.;FACH;SG;03;03
#SG33.35=$Vorname$  kann Texte in der Regel inhaltlich verständlich darstellen und beherrscht im Allgemeinen eine abwechslungsreiche Sprachgestaltung.;FACH;SG;03;03
#SG33.36=Eigene Texte schreibt &er/sie& oft in fantasievoller Weise.;FACH;SG;03;03
#SG33.37=&Er/Sie& schreibt eigene Texte oft in fantasievoller Weise.;FACH;SG;03;03
#SG33.38=$Vorname$  schreibt eigene Texte oft in fantasievoller Weise.;FACH;SG;03;03
#SG33.39=Die Grundschrift schreibt &er/sie& formklar. Dabei hält &er/sie& die Lineatur in der Regel ein.;FACH;SG;03;03
#SG33.40=&Er/Sie& schreibt die Grundschrift formklar. Dabei hält &er/sie& die Lineatur in der Regel ein.;FACH;SG;03;03
#SG33.41=$Vorname$  schreibt die Grundschrift formklar. Dabei hält &er/sie& die Lineatur in der Regel ein.;FACH;SG;03;03
#SG33.42=Im Unterricht spricht &er/sie& in der Regel verständlich und situationsangemessen.;FACH;SG;03;03
#SG33.43=&Er/Sie& spricht in der Regel verständlich und situationsangemessen.;FACH;SG;03;03
#SG33.44=$Vorname$  spricht in der Regel verständlich und situationsangemessen.;FACH;SG;03;03
#SG33.45=Es gelingt &ihm/ihr&, interessant und zuhörerbezogen zu erzählen.;FACH;SG;03;03
#SG33.46=&Er/Sie& kann lebendig, interessant und zuhörerbezogen erzählen.;FACH;SG;03;03
#SG33.47=$Vorname$  kann lebendig, interessant und zuhörerbezogen erzählen.;FACH;SG;03;03
#SG33.48=Es gelingt &ihm/ihr&, &seinen/ihren& differenzierten Wortschatz sprachlich anzuwenden und Beobachtungen und Erlebnisse darzustellen.;FACH;SG;03;03
#SG33.49=&Ihm/Ihr& gelingt es, &seinen/ihren& differenzierten Wortschatz sprachlich anzuwenden und Beobachtungen und Erlebnisse darzustellen.;FACH;SG;03;03
#SG33.50=$Vorname$  gelingt, &seinen/ihren& differenzierten Wortschatz sprachlich anzuwenden und Beobachtungen und Erlebnisse darzustellen.;FACH;SG;03;03
#SG33.51=Im Unterricht beteiligt &er/sie& sich an Gesprächen, entwickelt einfache Gesprächsregeln und hält diese ein.;FACH;SG;03;03
#SG33.52=&Er/Sie& beteiligt sich an Gesprächen, entwickelt einfache Gesprächsregeln und hält diese ein.;FACH;SG;03;03
#SG33.53=$Vorname$ beteiligt sich an Gesprächen, entwickelt einfache Gesprächsregeln und hält diese ein.;FACH;SG;03;03
#SG33.54=Im Unterricht hört &er/sie& zu, wenn andere erzählen.;FACH;SG;03;03
#SG33.55=&Er/Sie& hört zu, wenn andere erzählen.;FACH;SG;03;03
#SG33.56=$Vorname$  hört zu, wenn andere erzählen.;FACH;SG;03;03
#SG44.01=Texte kann $Vorname$  teilweise inhaltlich verständlich darstellen und &er/sie& beherrscht nur ansatzweise eine abwechslungsreiche Sprachgestaltung.;FACH;SG;04;04
#SG44.02=&Er/Sie& kann Texte teilweise inhaltlich verständlich darstellen und beherrscht nur ansatzweise eine abwechslungsreiche Sprachgestaltung.;FACH;SG;04;04
#SG44.03=$Vorname$  kann Texte teilweise inhaltlich verständlich darstellen und beherrscht eine angemessene Sprachgestaltung.;FACH;SG;04;04
#SG44.04=Texte kann $Vorname$  kaum inhaltlich verständlich darstellen.;FACH;SG;04;04
#SG44.05=&Er/Sie& kann Texte kaum inhaltlich verständlich darstellen.;FACH;SG;04;04
#SG44.06=$Vorname$  kann Texte kaum inhaltlich verständlich darstellen.;FACH;SG;04;04
#SG44.07=Es gelingt &ihm/ihr& teilweise, freie Texte in Sätzen aufzuschreiben.;FACH;SG;04;04
#SG44.08=&Er/Sie& schreibt teilweise freie Texte in Sätzen auf.;FACH;SG;04;04
#SG44.09=$Vorname$  schreibt teilweise freie Texte in Sätzen auf.;FACH;SG;04;04
#SG44.10=Es gelingt &ihm/ihr& noch nicht, freie Texte in Sätzen aufzuschreiben.;FACH;SG;04;04
#SG44.11=&Er/Sie& ist noch nicht in der Lage, freie Texte in Sätzen aufzuschreiben.;FACH;SG;04;04
#SG44.12=$Vorname$  ist noch nicht in der Lage, freie Texte in Sätzen aufzuschreiben.;FACH;SG;04;04
#SG44.13=Die Grundschrift schreibt &er/sie& ansatzweise formklar.;FACH;SG;04;04
#SG44.14=&Er/Sie& schreibt die Grundschrift ansatzweise formklar.;FACH;SG;04;04
#SG44.15=$Vorname$  schreibt die Grundschrift ansatzweise formklar.;FACH;SG;04;04
#SG44.16=Die Grundschrift schreibt &er/sie& noch nicht formklar.;FACH;SG;04;04
#SG44.17=&Er/Sie& schreibt die Grundschrift noch nicht formklar.;FACH;SG;04;04
#SG44.18=$Vorname$  schreibt die Grundschrift noch nicht formklar.;FACH;SG;04;04
#SG44.19=Teilweise beteiligt sich $Vorname$  an Gesprächen, entwickelt einfache Gesprächsregeln und hält diese meistens ein.;FACH;SG;04;04
#SG44.20=&Er/Sie& beteiligt sich teilweise an Gesprächen, entwickelt einfache Gesprächsregeln und hält diese meistens ein.;FACH;SG;04;04
#SG44.21=$Vorname$  beteiligt sich teilweise an Gesprächen, entwickelt einfache Gesprächsregeln und hält diese meistens ein.;FACH;SG;04;04
#SG44.22=Im Deutschunterricht beteiligt sich $Vorname$  kaum an Gesprächen.;FACH;SG;04;04
#SG44.23=&Er/Sie& beteiligt sich kaum an Gesprächen.;FACH;SG;04;04
#SG44.24=$Vorname$  beteiligt sich kaum an Gesprächen.;FACH;SG;04;04
#SG44.25=Im Unterricht drückt $Vorname$  sich sprachlich meistens angemessen aus.;FACH;SG;04;04
#SG44.26=&Er/Sie& drückt sich sprachlich meistens angemessen aus.;FACH;SG;04;04
#SG44.27=$Vorname$  drückt sich sprachlich meistens angemessen aus.;FACH;SG;04;04
#SG44.28=Im Unterricht drückt $Vorname$  sich sprachlich noch nicht angemessen aus.;FACH;SG;04;04
#SG44.29=&Er/Sie& drückt sich sprachlich noch nicht angemessen aus.;FACH;SG;04;04
#SG44.30=$Vorname$  drückt sich sprachlich noch nicht angemessen aus.;FACH;SG;04;04
#SG44.31=Texte kann $Vorname$  teilweise inhaltlich verständlich darstellen und &er/sie& beherrscht nur ansatzweise eine abwechslungsreiche Sprachgestaltung.;FACH;SG;04;04
#SG44.32=&Er/Sie& kann Texte teilweise inhaltlich verständlich darstellen und &er/sie& beherrscht nur ansatzweise eine abwechslungsreiche Sprachgestaltung.;FACH;SG;04;04
#SG44.33=$Vorname$  kann Texte teilweise inhaltlich verständlich darstellen und beherrscht eine angemessene Sprachgestaltung.;FACH;SG;04;04
#SG44.34=Texte kann $Vorname$  kaum inhaltlich verständlich darstellen.;FACH;SG;04;04
#SG44.35=&Er/Sie& kann Texte kaum inhaltlich verständlich darstellen.;FACH;SG;04;04
#SG44.36=$Vorname$  kann Texte kaum inhaltlich verständlich darstellen.;FACH;SG;04;04
#SG44.37=Eigene Texte schreibt &er/sie& ansatzweise in fantasievoller Weise.;FACH;SG;04;04
#SG44.38=&Er/Sie& schreibt eigene Texte ansatzweise in fantasievoller Weise.;FACH;SG;04;04
#SG44.39=$Vorname$  schreibt eigene Texte ansatzweise in fantasievoller Weise.;FACH;SG;04;04
#SG44.40=Eigene Texte schreibt &er/sie& noch nicht in fantasievoller Weise.;FACH;SG;04;04
#SG44.41=&Er/Sie& schreibt eigene Texte noch nicht in fantasievoller Weise.;FACH;SG;04;04
#SG44.42=$Vorname$  schreibt eigene Texte noch nicht in fantasievoller Weise.;FACH;SG;04;04
#SG44.43=Die Grundschrift schreibt &er/sie& ansatzweise formklar. Dabei hält &er/sie& die Lineatur nicht immer ein.;FACH;SG;04;04
#SG44.44=&Er/Sie& schreibt die Grundschrift ansatzweise formklar. Dabei hält &er/sie& die Lineatur nicht immer ein.;FACH;SG;04;04
#SG44.45=$Vorname$  schreibt die Grundschrift ansatzweise formklar. Dabei hält &er/sie& die Lineatur nicht immer ein.;FACH;SG;04;04
#SG44.46=Die Grundschrift schreibt &er/sie& noch nicht formklar. Dabei hält &er/sie& die Lineatur nicht ein.;FACH;SG;04;04
#SG44.47=&Er/Sie& schreibt die Grundschrift noch nicht formklar. Dabei hält &er/sie& die Lineatur nicht ein.;FACH;SG;04;04
#SG44.48=$Vorname$  schreibt die Grundschrift noch nicht formklar. Dabei hält &er/sie& die Lineatur nicht ein.;FACH;SG;04;04
#SG44.49=Im Unterricht spricht &er/sie& noch nicht immer verständlich und situationsangemessen.;FACH;SG;04;04
#SG44.50=&Er/Sie& spricht noch nicht immer verständlich und situationsangemessen.;FACH;SG;04;04
#SG44.51=$Vorname$  spricht noch nicht immer verständlich und situationsangemessen.;FACH;SG;04;04
#SG44.52=Im Unterricht spricht &er/sie& nicht verständlich.;FACH;SG;04;04
#SG44.53=&Er/Sie& spricht nicht verständlich.;FACH;SG;04;04
#SG44.54=$Vorname$  spricht nicht verständlich.;FACH;SG;04;04
#SG44.55=Es gelingt &ihm/ihr& manchmal, interessant und zuhörerbezogen zu erzählen.;FACH;SG;04;04
#SG44.56=&Er/Sie& kann manchmal lebendig, interessant und zuhörerbezogen erzählen.;FACH;SG;04;04
#SG44.57=$Vorname$  kann manchmal lebendig, interessant und zuhörerbezogen erzählen.;FACH;SG;04;04
#SG44.58=Es gelingt &ihm/ihm& nicht, interessant und zuhörerbezogen zu erzählen.;FACH;SG;04;04
#SG44.59=&Er/Sie& kann nicht lebendig, interessant und zuhörerbezogen erzählen.;FACH;SG;04;04
#SG44.60=$Vorname$  kann nicht lebendig, interessant und zuhörerbezogen erzählen.;FACH;SG;04;04
#SG44.61=Es gelingt &ihm/ihr&, in einigen Fällen &seinen/ihren& Wortschatz sprachlich anzuwenden und Beobachtungen und Erlebnisse darzustellen.;FACH;SG;04;04
#SG44.62=&Ihm/Ihr& gelingt es in einigen Fällen, &seinen/ihren& Wortschatz sprachlich anzuwenden und Beobachtungen und Erlebnisse darzustellen.;FACH;SG;04;04
#SG44.63=$Vorname$  gelingt es in einigen Fällen, &seinen/ihren& Wortschatz sprachlich anzuwenden und Beobachtungen und Erlebnisse darzustellen.;FACH;SG;04;04
#SG44.64=Es gelingt &ihm/ihr& kaum, &seinen/ihren& Wortschatz sprachlich anzuwenden und Beobachtungen und Erlebnisse darzustellen.;FACH;SG;04;04
#SG44.65=&Ihm/Ihr& gelingt es kaum, &seinen/ihren& Wortschatz sprachlich anzuwenden und Beobachtungen und Erlebnisse darzustellen.;FACH;SG;04;04
#SG44.66=$Vorname$  gelingt es kaum, &seinen/ihren& Wortschatz sprachlich anzuwenden und Beobachtungen und Erlebnisse darzustellen.;FACH;SG;04;04
#SG44.67=Im Unterricht beteiligt &er/sie& sich selten an Gesprächen, entwickelt manchmal einfache Gesprächsregeln und hält diese teilweise ein.;FACH;SG;04;04
#SG44.68=&Er/Sie& beteiligt sich selten an Gesprächen, entwickelt manchmal einfache Gesprächsregeln und hält diese teilweise ein.;FACH;SG;04;04
#SG44.69=$Vorname$ beteiligt sich selten an Gesprächen, entwickelt manchmal einfache Gesprächsregeln und hält diese teilweise ein.;FACH;SG;04;04
#SG44.70=Im Unterricht beteiligt &er/sie& sich kaum an Gesprächen, entwickelt noch keine Gesprächsregeln und hält diese selten ein.;FACH;SG;04;04
#SG44.71=&Er/Sie& beteiligt sich kaum an Gesprächen, entwickelt noch keine Gesprächsregeln und hält diese selten ein.;FACH;SG;04;04
#SG44.72=$Vorname$ beteiligt sich kaum an Gesprächen, entwickelt noch keine Gesprächsregeln und hält diese selten ein.;FACH;SG;04;04
#SG44.73=Im Unterricht hört &er/sie& kaum zu, wenn andere erzählen.;FACH;SG;04;04
#SG44.74=&Er/Sie& hört kaum zu, wenn andere erzählen.;FACH;SG;04;04
#SG44.75=$Vorname$  hört kaum zu, wenn andere erzählen.;FACH;SG;04;04
#SG44.76=Im Unterricht hört &er/sie& nicht zu, wenn andere erzählen.;FACH;SG;04;04
#SG44.77=&Er/Sie& hört nicht zu, wenn andere erzählen.;FACH;SG;04;04
#SG44.78=$Vorname$  hört nicht zu, wenn andere erzählen.;FACH;SG;04;04
#SP10.01=$Vorname$ erfindet und erprobt einfache Bewegungskunststücke und führt diese anderen vor.;FACH;SP;00;E1
#SP10.02=$Vorname$ erfindet und erprobt einfache Bewegungskunststücke und führt diese anderen vor.;FACH;SP;00;E1
#SP10.03=$Vorname$ erfindet und erprobt einfache Bewegungskunststücke und führt diese anderen vor.;FACH;SP;00;E1
#SP10.04=$Vorname$ erfindet und erprobt mit viel Unterstützung einfache Bewegungskunststücke und führt diese anderen vor.;FACH;SP;00;E1
#SP11.01=Am Sportunterricht nimmt $Vorname$ mit sehr viel Freude, Eifer und Anstrengungsbereitschaft teil. &Er%Sie& unterstützt sehr engagiert den sachgerechten Auf- und Abbau von Geräten.;FACH;SP;01;E1
#SP11.02=$Vorname$ zeigt sich in allen sportlichen Bereichen als sehr bewegungsfreudig und sehr gewandt.;FACH;SP;01;E1
#SP11.03=&Seine%Ihre& koordinativen und konditionellen Fähigkeiten sind sehr weit ausgeprägt. ;FACH;SP;01;E1
#SP11.04=$Vorname$ zeigt bei allen Gruppenspielen eine faire Spielweise. &Er%Sie& hält sich durchweg an die vorgegebenen Regeln und ist in der Lage spieltaktische Elemente umzusetzen.;FACH;SP;01;E1
#SP11.05=In der Leichtathletik zeigt &er%sie& sehr koordinierte Bewegungsabläufe beim Laufen, Springen und werfen.;FACH;SP;01;E1
#SP11.06=Beim Turnen an Geräten beweist &er%sie& große körperliche Geschicklichkeit und Körperbeherrschung.;FACH;SP;01;E1
#SP11.07=&Er%Sie& balanciert sehr sicher in unterschiedliche Richtungen.;FACH;SP;01;E1
#SP11.08=&Er%Sie& ist durchweg in der Lage Körperspannung zu entwickeln und diese zu erproben.;FACH;SP;01;E1
#SP11.09=$Vorname$ realisiert vorgegebene Singspiele und Tänze. Dabei beachtet &er%sie& sehr sicher rhythmische und räumliche Kriterien.;FACH;SP;01;E1
#SP11.10=Mit dem Rollbrett bewegt sich $Vorname$ äußerst geschickt, vorausschauend und sehr sicher. &Er%Sie& beachtet dabei die vorgegebenen Sicherheitsregeln.;FACH;SP;01;E1
#SP11.11=Beim Ringen & Kämpfen zeigt &er%sie& große Bewegungssicherheit bei der Anwendung erlernter Techniken. &Er%Sie& geht sehr achtsam mit &seinen%ihren& Gegnern unter Einhaltung der verabredeten Regeln um;FACH;SP;01;E1
#SP12.01=Am Sportunterricht nimmt $Vorname$ mit viel Freude, Eifer und Anstrengungsbereitschaft teil. &Er%Sie& unterstützt engagiert den sachgerechten Auf- und Abbau von Geräten.;FACH;SP;02;E1
#SP12.02=$Vorname$ zeigt sich in fast allen/den meisten sportlichen Bereichen als bewegungsfreudig und gewandt.;FACH;SP;02;E1
#SP12.03=&Seine%Ihre& koordinativen und konditionellen Fähigkeiten sind weit ausgeprägt. ;FACH;SP;02;E1
#SP12.04=$Vorname$ zeigt bei fast allen/den meisten Gruppenspielen eine faire Spielweise. &Er%Sie& hält sich an die vorgegebenen Regeln und ist in der Lage spieltaktische Elemente umzusetzen.;FACH;SP;02;E1
#SP12.05=In der Leichtathletik zeigt &er%sie& koordinierte Bewegungsabläufe beim Laufen, Springen und werfen.;FACH;SP;02;E1
#SP12.06=Beim Turnen an Geräten beweist &er%sie& körperliche Geschicklichkeit und Körperbeherrschung.;FACH;SP;02;E1
#SP12.07=&Er%Sie& nutzt sicher Geräte zum Balancieren in unterschiedliche Richtungen.;FACH;SP;02;E1
#SP12.08=&Er%Sie& ist in der Lage Körperspannung zu entwickeln und diese zu erproben.;FACH;SP;02;E1
#SP12.09=$Vorname$ realisiert vorgegebene Singspiele und Tänze. Dabei beachtet &er%sie& sicher rhythmische und räumliche Kriterien.;FACH;SP;02;E1
#SP12.10=Mit dem Rollbrett bewegt sich $Vorname$ geschickt, vorausschauend und sicher. &Er%Sie& beachtet dabei die vorgegebenen Sicherheitsregeln.;FACH;SP;02;E1
#SP12.11=Beim Ringen & Kämpfen zeigt &er%sie& Bewegungssicherheit bei der Anwendung erlernter Techniken. &Er%Sie& geht achtsam mit &seinen%ihren& Gegnern unter Einhaltung der verabredeten Regeln um;FACH;SP;02;E1
#SP13.01=Am Sportunterricht nimmt $Vorname$ mit Freude, Eifer und Anstrengungsbereitschaft teil. &Er%Sie& unterstützt überwiegend/teilweise engagiert den sachgerechten Auf- und Abbau von Geräten.;FACH;SP;03;E1
#SP13.02=$Vorname$ zeigt sich in den meisten/in vielen/in einigen sportlichen Bereichen als bewegungsfreudig und gewandt.;FACH;SP;03;E1
#SP13.03=&Seine%Ihre& koordinativen und konditionellen Fähigkeiten sind in manchen Bereichen ausgeprägt. ;FACH;SP;03;E1
#SP13.04=$Vorname$ zeigt in den meisten Gruppenspielen eine faire Spielweise. &Er%Sie& hält sich an die vorgegebenen Regeln und ist in der Lage in vielen/einigen Situationen spieltaktische Elemente umzusetzen.;FACH;SP;03;E1
#SP13.05=In der Leichtathletik zeigt &er%sie& zunehmend koordinierte Bewegungsabläufe beim Laufen, Springen und werfen.;FACH;SP;03;E1
#SP13.06=Beim Turnen an Geräten beweist &er%sie& teilweise körperliche Geschicklichkeit und Körperbeherrschung.;FACH;SP;03;E1
#SP13.07=&Er%Sie& balanciert mit leichter Hilfestellung sicher in unterschiedliche Richtungen.;FACH;SP;03;E1
#SP13.08=&Er%Sie& ist teilweise in der Lage Körperspannung zu entwickeln und diese zu erproben.;FACH;SP;03;E1
#SP13.09=$Vorname$ realisiert vorgegebene Singspiele und Tänze. Dabei beachtet &er%sie& rhythmische und räumliche Kriterien.;FACH;SP;03;E1
#SP13.10=Mit dem Rollbrett bewegt sich $Vorname$ überwiegend geschickt, vorausschauend und sicher. &Er%Sie& beachtet dabei (meistens) die vorgegebenen Sicherheitsregeln.;FACH;SP;03;E1
#SP13.11=Beim Ringen & Kämpfen zeigt &er%sie& teilweise Bewegungssicherheit bei der Anwendung erlernter Techniken. &Er%Sie& geht achtsam mit &seinen%ihren& Gegnern unter Einhaltung der verabredeten Regeln um;FACH;SP;03;E1
#SP14.01=Am Sportunterricht nimmt $Vorname$ mit vereinzelt mit Freude, Eifer und Anstrengungsbereitschaft teil. &Er%Sie& unterstützt nach Aufforderung den sachgerechten Auf- und Abbau von Geräten.;FACH;SP;04;E1
#SP14.02=In einzelnen sportlichen Bereichen zeigt $Vorname$ sich zunehmend/vereinzelt bewegungsfreudig und gewandt.;FACH;SP;04;E1
#SP14.03=&Seine%Ihre& koordinativen und konditionellen Fähigkeiten sind noch ausbaufähig. ;FACH;SP;04;E1
#SP14.04=$Vorname$ zeigt in meisten Gruppenspielen unter Beobachtung eine faire Spielweise. &Er%Sie& hält sich teilweise an die vorgegebenen Regeln und ist vereinzelt in der Lage in Situationen spieltaktische Elemente umzusetzen.;FACH;SP;04;E1
#SP14.05=In der Leichtathletik zeigt &er%sie& zunehmende Ansätze koordinierter Bewegungsabläufe beim Laufen, Springen und werfen.;FACH;SP;04;E1
#SP14.06=Beim Turnen an Geräten beweist &er%sie& vereinzelt körperliche Geschicklichkeit und Körperbeherrschung.;FACH;SP;04;E1
#SP14.07=&Er%Sie& balanciert mit Hilfestellung in unterschiedliche Richtungen.;FACH;SP;04;E1
#SP14.08=&Er%Sie& ist in Ansätzen in der Lage Körperspannung zu entwickeln und diese zu erproben.;FACH;SP;04;E1
#SP14.09=$Vorname$ realisiert vorgegebene Singspiele und Tänze. Dabei beachtet &er%sie& nach mehrfacher Wiederholung und Hilfe einfache rhythmische und räumliche Kriterien.;FACH;SP;04;E1
#SP14.10=Mit dem Rollbrett bewegt sich $Vorname$ in Ansätzen geschickt,aber noch nicht immer vorausschauend. &Er%Sie& beachtet dabei teilweisedie vorgegebenen Sicherheitsregeln.;FACH;SP;04;E1
#SP14.11=Beim Ringen & Kämpfen zeigt &er%sie& vereinzelt Bewegungssicherheit bei der Anwendung erlernter Techniken. Dabei hält &er%sie& sich nicht immer an die vereinbarten Regeln.;FACH;SP;04;E1
#SP20.01=$Vorname$ erfindet und erprobt einfache Bewegungskunststücke und führt diese anderen vor.;FACH;SP;00;E2
#SP20.02=$Vorname$ erfindet und erprobt einfache Bewegungskunststücke und führt diese anderen vor.;FACH;SP;00;E2
#SP21.01=Am Sportunterricht nimmt $Vorname$ mit sehr viel Freude, Eifer und Anstrengungsbereitschaft teil. &Er%Sie& unterstützt sehr engagiert den sachgerechten Auf- und Abbau von Geräten.;FACH;SP;01;E2
#SP21.02=$Vorname$ zeigt sich in allen sportlichen Bereichen als sehr bewegungsfreudig und sehr gewandt.;FACH;SP;01;E2
#SP21.03=&Seine%Ihre& koordinativen und konditionellen Fähigkeiten sind sehr weit ausgeprägt. ;FACH;SP;01;E2
#SP21.04=$Vorname$ zeigt bei allen Gruppenspielen eine faire Spielweise. &Er%Sie& hält sich durchweg an die vorgegebenen Regeln und ist in der Lage spieltaktische Elemente umzusetzen.;FACH;SP;01;E2
#SP21.05=In der Leichtathletik zeigt &er%sie& sehr koordinierte Bewegungsabläufe beim Laufen, Springen und werfen.;FACH;SP;01;E2
#SP21.06=Beim Turnen an Geräten beweist &er%sie& große körperliche Geschicklichkeit und Körperbeherrschung.;FACH;SP;01;E2
#SP21.07=&Er%Sie& balanciert sehr sicher in unterschiedliche Richtungen.;FACH;SP;01;E2
#SP21.08=&Er%Sie& ist durchweg in der Lage Körperspannung zu entwickeln und diese zu erproben.;FACH;SP;01;E2
#SP21.09=$Vorname$ realisiert vorgegebene Singspiele und Tänze. Dabei beachtet &er%sie& sehr sicher rhythmische und räumliche Kriterien.;FACH;SP;01;E2
#SP21.10=Mit dem Rollbrett bewegt sich $Vorname$ äußerst geschickt, vorausschauend und sehr sicher. &Er%Sie& beachtet dabei die vorgegebenen Sicherheitsregeln.;FACH;SP;01;E2
#SP21.11=Beim Ringen & Kämpfen zeigt &er%sie& große Bewegungssicherheit bei der Anwendung erlernter Techniken. &Er%Sie& geht sehr achtsam mit &seinen%ihren& Gegnern unter Einhaltung der verabredeten Regeln um;FACH;SP;01;E2
#SP22.01=Am Sportunterricht nimmt $Vorname$ mit viel Freude, Eifer und Anstrengungsbereitschaft teil. &Er%Sie& unterstützt engagiert den sachgerechten Auf- und Abbau von Geräten.;FACH;SP;02;E2
#SP22.02=$Vorname$ zeigt sich in fast allen/den meisten sportlichen Bereichen als bewegungsfreudig und gewandt.;FACH;SP;02;E2
#SP22.03=&Seine%Ihre& koordinativen und konditionellen Fähigkeiten sind weit ausgeprägt. ;FACH;SP;02;E2
#SP22.04=$Vorname$ zeigt bei fast allen/den meisten Gruppenspielen eine faire Spielweise. &Er%Sie& hält sich an die vorgegebenen Regeln und ist in der Lage spieltaktische Elemente umzusetzen.;FACH;SP;02;E2
#SP22.05=In der Leichtathletik zeigt &er%sie& koordinierte Bewegungsabläufe beim Laufen, Springen und werfen.;FACH;SP;02;E2
#SP22.06=Beim Turnen an Geräten beweist &er%sie& körperliche Geschicklichkeit und Körperbeherrschung.;FACH;SP;02;E2
#SP22.07=&Er%Sie& nutzt sicher Geräte zum Balancieren in unterschiedliche Richtungen.;FACH;SP;02;E2
#SP22.08=&Er%Sie& ist in der Lage Körperspannung zu entwickeln und diese zu erproben.;FACH;SP;02;E2
#SP22.09=$Vorname$ realisiert vorgegebene Singspiele und Tänze. Dabei beachtet &er%sie& sicher rhythmische und räumliche Kriterien.;FACH;SP;02;E2
#SP22.10=Mit dem Rollbrett bewegt sich $Vorname$ geschickt, vorausschauend und sicher. &Er%Sie& beachtet dabei die vorgegebenen Sicherheitsregeln.;FACH;SP;02;E2
#SP22.11=Beim Ringen & Kämpfen zeigt &er%sie& Bewegungssicherheit bei der Anwendung erlernter Techniken. &Er%Sie& geht achtsam mit &seinen%ihren& Gegnern unter Einhaltung der verabredeten Regeln um;FACH;SP;02;E2
#SP23.01=Am Sportunterricht nimmt $Vorname$ mit Freude, Eifer und Anstrengungsbereitschaft teil. &Er%Sie& unterstützt überwiegend/teilweise engagiert den sachgerechten Auf- und Abbau von Geräten.;FACH;SP;03;E2
#SP23.02=$Vorname$ zeigt sich in den meisten/in vielen/in einigen sportlichen Bereichen als bewegungsfreudig und gewandt.;FACH;SP;03;E2
#SP23.03=&Seine%Ihre& koordinativen und konditionellen Fähigkeiten sind in manchen Bereichen ausgeprägt. ;FACH;SP;03;E2
#SP23.04=$Vorname$ zeigt in den meisten Gruppenspielen eine faire Spielweise. &Er%Sie& hält sich an die vorgegebenen Regeln und ist in der Lage in vielen/einigen Situationen spieltaktische Elemente umzusetzen.;FACH;SP;03;E2
#SP23.05=In der Leichtathletik zeigt &er%sie& zunehmend koordinierte Bewegungsabläufe beim Laufen, Springen und werfen.;FACH;SP;03;E2
#SP23.06=Beim Turnen an Geräten beweist &er%sie& teilweise körperliche Geschicklichkeit und Körperbeherrschung.;FACH;SP;03;E2
#SP23.07=&Er%Sie& balanciert mit leichter Hilfestellung sicher in unterschiedliche Richtungen.;FACH;SP;03;E2
#SP23.08=&Er%Sie& ist teilweise in der Lage Körperspannung zu entwickeln und diese zu erproben.;FACH;SP;03;E2
#SP23.09=$Vorname$ erfindet und erprobt einfache Bewegungskunststücke und führt diese anderen vor.;FACH;SP;03;E2
#SP23.10=$Vorname$ realisiert vorgegebene Singspiele und Tänze. Dabei beachtet &er%sie& rhythmische und räumliche Kriterien.;FACH;SP;03;E2
#SP23.11=Mit dem Rollbrett bewegt sich $Vorname$ überwiegend geschickt, vorausschauend und sicher. &Er%Sie& beachtet dabei (meistens) die vorgegebenen Sicherheitsregeln.;FACH;SP;03;E2
#SP23.12=Beim Ringen & Kämpfen zeigt &er%sie& teilweise Bewegungssicherheit bei der Anwendung erlernter Techniken. &Er%Sie& geht achtsam mit &seinen%ihren& Gegnern unter Einhaltung der verabredeten Regeln um;FACH;SP;03;E2
#SP24.01=Am Sportunterricht nimmt $Vorname$ mit vereinzelt mit Freude, Eifer und Anstrengungsbereitschaft teil. &Er%Sie& unterstützt nach Aufforderung den sachgerechten Auf- und Abbau von Geräten.;FACH;SP;04;E2
#SP24.02=In einzelnen sportlichen Bereichen zeigt $Vorname$ sich zunehmend/vereinzelt bewegungsfreudig und gewandt.;FACH;SP;04;E2
#SP24.03=&Seine%Ihre& koordinativen und konditionellen Fähigkeiten sind noch ausbaufähig. ;FACH;SP;04;E2
#SP24.04=$Vorname$ zeigt in meisten Gruppenspielen unter Beobachtung eine faire Spielweise. &Er%Sie& hält sich teilweise an die vorgegebenen Regeln und ist vereinzelt in der Lage in Situationen spieltaktische Elemente umzusetzen.;FACH;SP;04;E2
#SP24.05=In der Leichtathletik zeigt &er%sie& zunehmende Ansätze koordinierter Bewegungsabläufe beim Laufen, Springen und werfen.;FACH;SP;04;E2
#SP24.06=Beim Turnen an Geräten beweist &er%sie& vereinzelt körperliche Geschicklichkeit und Körperbeherrschung.;FACH;SP;04;E2
#SP24.07=&Er%Sie& balanciert mit Hilfestellung in unterschiedliche Richtungen.;FACH;SP;04;E2
#SP24.08=&Er%Sie& ist in Ansätzen in der Lage Körperspannung zu entwickeln und diese zu erproben.;FACH;SP;04;E2
#SP24.09=$Vorname$ erfindet und erprobt mit viel Unterstützung einfache Bewegungskunststücke und führt diese anderen vor.;FACH;SP;04;E2
#SP24.10=$Vorname$ realisiert vorgegebene Singspiele und Tänze. Dabei beachtet &er%sie& nach mehrfacher Wiederholung und Hilfe einfache rhythmische und räumliche Kriterien.;FACH;SP;04;E2
#SP24.11=Mit dem Rollbrett bewegt sich $Vorname$ in Ansätzen geschickt,aber noch nicht immer vorausschauend. &Er%Sie& beachtet dabei teilweisedie vorgegebenen Sicherheitsregeln.;FACH;SP;04;E2
#SP24.12=Beim Ringen & Kämpfen zeigt &er%sie& vereinzelt Bewegungssicherheit bei der Anwendung erlernter Techniken. Dabei hält &er%sie& sich nicht immer an die vereinbarten Regeln.;FACH;SP;04;E2
#SP33.01=Am Sportunterricht nimmt $Vorname$ mit großer Freude und Anstrenungsbereitschaft teil. ;FACH;SP;03;03
#SP33.02=$Vorname$ erweist sich im Sportunterricht als äußerst bewegungsfreudig und gewandt ;FACH;SP;03;03
#SP33.03=&Er%Sie& zeigt bei allen sportlichen Betätigungen besondere Einsatzfreude sowie körperliche Geschicklichkeit. ;FACH;SP;03;03
#SP33.04=Spielsituationen und Spielregeln komplexerer Spiele fasst $Vorname$ leicht auf. ;FACH;SP;03;03
#SP33.05=&Er%Sie& beweist im Sportunterricht stets Fairness und Teamgeist. ;FACH;SP;03;03
#SP33.06=$Vorname$ zeigt bei allen Bewegungsaufgaben besondere motorische Fähigkeiten und erlernt neue Bewegungsabläufe schnell. ;FACH;SP;03;03
#SP33.07=&Er%Sie& ist stets in der Lage, verschiedene Wurftechniken auszuführen und zeigt besonders koordinatives Geschick beim Umgang mit verschiedenen Wurfobjekten. ;FACH;SP;03;03
#SP33.08=Turnerische und akrobatische Bewegungsfertigkeiten beherrscht $Vorname$ sehr sicher und erweitertet diese stets durch ausdauerndes Üben. ;FACH;SP;03;03
#SP33.09=$Vorname$ ist im Sportunterricht achtsam, kann &seine%ihre& Kräfte geschickt dosieren und den eigenen Körper bewusst wahrnehmen. ;FACH;SP;03;03
#SP33.10=Bei allen Elementen der Leichtathletik sowie dem ausdauernden Laufen zeigt $Vorname$ Geschick und Einsatzbereitschaft. ;FACH;SP;03;03
#SP33.11=$Vorname$ bewegt sich koodiniert und nutzt Gleit-, Fahr- und Rollgeräte in komplexen Bewegungssituationen sehr sicher. ;FACH;SP;03;03
#SP33.12=$Vorname$ realisiert und variiert vorgegebene anspruchsvolle Tänze und entwickelt sicher eigene Bewegungsgestaltungen. ;FACH;SP;03;03
#SP33.13=Am Sportunterricht nimmt $Vorname$ mit Freude und Anstregnungsbereitschaft teil. ;FACH;SP;03;03
#SP33.14=$Vorname$ erweist sich im Sportunterricht als bewegungsfreudig und gewandt.;FACH;SP;03;03
#SP33.15=&Er%Sie& zeigt bei vielen sportlichen Betätigungen Einsatzfreude sowie körperliche Geschicklichkeit. ;FACH;SP;03;03
#SP33.16=Spielsituationen und Spielregeln komplexerer Spiele fasst $Vorname$ gut auf. ;FACH;SP;03;03
#SP33.17=&Er%Sie& beweist im Sportunterricht meist Fairness und Teamgeist. ;FACH;SP;03;03
#SP33.18=$Vorname$ zeigt bei vielen Bewegungsaufgaben motorische Fähigkeiten und erlernt neue Bewegungsabläufe meist schnell. ;FACH;SP;03;03
#SP33.19=&Er%Sie& ist in der Lage, verschiedene Wurftechniken auszuführen und zeigt koordinatives Geschick beim Umgang mit verschiedenen Wurfobjekten. ;FACH;SP;03;03
#SP33.20=Turnerische und akrobatische Bewegungsfertigkeiten beherrscht $Vorname$ sicher und erweitertet diese durch ausdauerndes Üben. ;FACH;SP;03;03
#SP33.21=$Vorname$ ist im Sportunterricht meist achtsam, kann &seine%ihre& Kräfte dosieren und den eigenen Körper wahrnehmen. ;FACH;SP;03;03
#SP33.22=Bei vielem Elementen der Leichtathletik sowie dem ausdauernden Laufen zeigt $Vorname$ Geschick und Einsatzbereitschaft. ;FACH;SP;03;03
#SP33.23=$Vorname$ bewegt sich meist koodiniert und nutzt Gleit-, Fahr- und Rollgeräte in komplexen Bewegungssituationen sicher. ;FACH;SP;03;03
#SP33.24=$Vorname$ realisiert und variiert vorgegebene zunehmend anspruchsvolle Tänze und entwickelt eigene Bewegungsgestaltungen. ;FACH;SP;03;03
#SP33.25=Am Sportunterricht nimmt $Vorname$ mit wechselnder Freude und Anstrengungsbereitschaft teil. ;FACH;SP;03;03
#SP33.26=$Vorname$ erweist sich im Sportunterricht als bewegungsfreudig. ;FACH;SP;03;03
#SP33.27=&Er%Sie& zeigt in der Regel Einsatzfreude sowie körperliche Geschicklichkeit. ;FACH;SP;03;03
#SP33.28=Spielsituationen und Spielregeln komplexerer Spiele fasst $Vorname$ angemessen auf. ;FACH;SP;03;03
#SP33.29=Je nach Unterrichtsgegenstand zeigt &er%sie& aber wechselnde Anstrengungsbereitschaft.;FACH;SP;03;03
#SP33.30=An gemeinsame Regeln im Sportunterricht muss &er%sie& immer wieder erinnert werden. ;FACH;SP;03;03
#SP33.31=$Vorname$ zeigt bei einigen Bewegungsaufgaben motorische Fähigkeiten und erlernt neue Bewegungsabläufe. ;FACH;SP;03;03
#SP33.32=&Er%Sie& wendet verschiedene Wurftechniken an und zeigt oftmals koordinatives Geschick beim Umgang mit verschiedenen Wurfobjekten. ;FACH;SP;03;03
#SP33.33=Turnerische und akrobatische Bewegungsfertigkeiten beherrscht $Vorname$ meist. ;FACH;SP;03;03
#SP33.34=$Vorname$ kann &seine%ihre& Kräfte nicht immer dosieren, &er%sie& muss immer wieder auf einen achtsamen Umgang aufmerksam gemacht werden. ;FACH;SP;03;03
#SP33.35=Bei einigen Elementen der Leichtathletik sowie dem ausdauernden Laufen zeigt $Vorname$ meist Geschick und Einsatzbereitschaft. ;FACH;SP;03;03
#SP33.36=$Vorname$ bewegt sich zunehmend koodiniert und nutzt Gleit-, Fahr- und Rollgeräte in komplexen Bewegungssituationen. ;FACH;SP;03;03
#SP33.37=$Vorname$ realisiert und variiert vorgegebene Tänze und entwickelt zunehmend eigene Bewegungsgestaltungen. ;FACH;SP;03;03
#SU11.01=Im Fach Sachunterricht arbeitet $Vorname$ sehr aktiv mit und zeigt lebhaftes Interesse an unterschiedlichen Themenbereichen.;FACH;SU;01;E1
#SU11.02= $Vorname$ bringt im Fach Sachunterricht umfangreiches Vorwissen und eigene Ideen ein.;FACH;SU;01;E1
#SU11.03= $Vorname$ kann im Sachunterricht anderen Kindern ausdauernd zuhören und hilfreich Rückmeldung geben.;FACH;SU;01;E1
#SU11.04=Besprochene Inhalte merkt $Vorname$ sich, gibt sie vollständig wieder und überträgt Gelerntes auf neue Zusammenhänge.;FACH;SU;01;E1
#SU11.05= $Vorname$ dokumentiert und präsentiert Arbeitsergebnisse sehr übersichtlich und sachgerecht mit angemessenen Fachbegriffen.;FACH;SU;01;E1
#SU11.06=Experimente führt $Vorname$ selbstständig durch und ist stets in der Lage, &seine%ihre& Erkenntnisse verständlich und mit angemessenen Fachbegriffen zu erläutern.;FACH;SU;01;E1
#SU11.07=$Vorname$ beobachtet, beschreibt und vergleicht Sachverhalte unterschiedlicher Themenbereiche sehr genau.;FACH;SU;01;E1
#SU11.08=Im Fach Sachunterricht entnimmt $Vorname$ gezielt Informationen aus Medien und Materialien.;FACH;SU;01;E1
#SU12.01=Im Fach Sachunterricht arbeitet $Vorname$ aktiv mit und zeigt Interesse an unterschiedlichen Themenbereichen.;FACH;SU;02;E1
#SU12.02= $Vorname$ bringt im Fach Sachunterricht Vorwissen und eigene Ideen ein.;FACH;SU;02;E1
#SU12.03= $Vorname$ kann im Sachunterricht anderen Kindern meist ausdauernd zuhören und hilfreich Rückmeldung geben.;FACH;SU;02;E1
#SU12.04=Besprochene Inhalte merkt $Vorname$ sich weitgehend, gibt sie fast vollständig wieder und überträgt Gelerntes auf neue Zusammenhänge.;FACH;SU;02;E1
#SU12.05= $Vorname$ dokumentiert und präsentiert Arbeitsergebnisse übersichtlich und sachgerecht mit angemessenen Fachbegriffen.;FACH;SU;02;E1
#SU12.06=Experimente führt $Vorname$ meist selbstständig durch und ist größtenteils in der Lage, &seine%ihre& Erkenntnisse verständlich und mit angemessenen Fachbegriffen zu erläutern.;FACH;SU;02;E1
#SU12.07=$Vorname$ beobachtet, beschreibt und vergleicht Sachverhalte unterschiedlicher Themenbereiche meist genau.;FACH;SU;02;E1
#SU12.08=Im Fach Sachunterricht entnimmt $Vorname$ Informationen aus Medien und Materialien.;FACH;SU;02;E1
#SU13.01=Im Fach Sachunterricht arbeitet $Vorname$ zunehmend aktiv mit und zeigt teilweise Interesse an unterschiedlichen Themenbereichen.;FACH;SU;03;E1
#SU13.02= $Vorname$ bringt im Fach Sachunterricht teilweise Vorwissen und eigene Ideen ein.;FACH;SU;03;E1
#SU13.03= $Vorname$ kann im Sachunterricht anderen Kindern zunehmend ausdauernd zuhören und Rückmeldung geben.;FACH;SU;03;E1
#SU13.04=Besprochene Inhalte merkt $Vorname$ sich zunehmend, gibt sie teilweise wieder und überträgt Gelerntes ansatzweise auf neue Zusammenhänge.;FACH;SU;03;E1
#SU13.05= $Vorname$ gelingt es zunehmend, &seine%ihre& Beobachtungen und Ergebnisse verständlich und mit angemessenen Fachbegriffen zu präsentieren.;FACH;SU;03;E1
#SU13.06=Experimente führt $Vorname$ mit Hilfe durch und ist noch nicht immer in der Lage, &seine%ihre& Erkenntnisse verständlich und mit angemessenen Fachbegriffen zu erläutern.;FACH;SU;03;E1
#SU14.01=Im Fach Sachunterricht arbeitet $Vorname$ selten mit und zeigt ansatzweise Interesse an unterschiedlichen Themenbereichen.;FACH;SU;04;E1
#SU14.02= $Vorname$ bringt im Fach Sachunterricht selten Vorwissen und eigene Ideen ein.;FACH;SU;04;E1
#SU14.03= $Vorname$ kann im Sachunterricht anderen Kindern selten ausdauernd zuhören und ansatzweise Rückmeldung geben.;FACH;SU;04;E1
#SU14.04=Besprochene Inhalte merkt $Vorname$ sich ansatzweise und gibt sie selten wieder.;FACH;SU;04;E1
#SU14.05= $Vorname$ gelingt es noch nicht immer, &seine%ihre& Beobachtungen und Ergebnisse verständlich und mit angemessenen Fachbegriffen zu präsentieren.;FACH;SU;04;E1
#SU14.06=$Vorname$ beobachtet, beschreibt und vergleicht Sachverhalte unterschiedlicher Themenbereiche ansatzweise.;FACH;SU;04;E1
#SU15.01= $Vorname$ kann im Sachunterricht anderen Kindern selten ausdauernd zuhören. Es fällt $Vorname$ noch schwer, gezielt Rückmeldung zu geben.;FACH;SU;05;E1
#SU21.01=Dem Sachunterricht folgt $Vorname$ mit sichtbarer Freude und $Vorname$ bereichert ihn durch originelle Beiträge.;FACH;SU;01;E2
#SU21.02=$Vorname$ zeigt an sachunterrichtlichen Themen großes Interesse. ;FACH;SU;01;E2
#SU21.03=Im Sachunterricht zeigt sich $Vorname$ an Sachthemen aufmerksam interessiert und beteiligt sich mit sachbezogenen und sinnvollen Beiträgen an den Unterrichtsgesprächen.;FACH;SU;01;E2
#SU21.04=&Er%Sie& verknüpft sein Vorwissen sowie bereits Gelerntes, um sich neue Zusammenhänge zu erschließen. ;FACH;SU;01;E2
#SU21.05=Gelernte Inhalte kann $Vorname$ sicher widergeben und auf neue Sachinhalte sinnvoll übertragen. ;FACH;SU;01;E2
#SU21.06=Neues Wissen zu bestimmten Themen eignet $Vorname$_ sich rasch an. $Vorname$ fragt oft nach Ursachen, Hintergründen und Zusammenhängen.;FACH;SU;01;E2
#SU21.07=Versuche und Vorhaben plant &er%sie& sehr gründlich und führt diese stets sachgerecht durch. Dabei beobachtet &er%sie& genau. ;FACH;SU;01;E2
#SU21.08=$Vorname$ beobachtet Versuchsabläufe genau, kann Versuchsabläufe beschreiben und Zusammenhänge selbstständig erkennen. ;FACH;SU;01;E2
#SU21.09=Schriftliche Aufgabenstellungen während der Stationsarbeit beginnt $Vorname$ selbstständig und erledigt diese zielstrebig, genau und in einem angemessenen Arbeitstempo. ;FACH;SU;01;E2
#SU21.10=$Vorname$ kann im Sachunterricht Informationen selbstständig beschaffen und ordnen.;FACH;SU;01;E2
#SU21.11=Bei der Reflexion der Ergebnispräsentation überzeugte $Vorname$ durch wohl formulierte und hilfreiche Rückmeldungen an &seine%ihre& Mitschüler.;FACH;SU;01;E2
#SU21.12=Für das Gestalten von Lernplakaten kann $Vorname$ Informationen beschaffen, diese selbstständig auswerten und interessant und nachvollziehbar für die Mitschüler vorstellen. ;FACH;SU;01;E2
#SU21.13=$Vorname$ kann Gefahren im Straßenverkehr beschreiben und sinnvolle Sicherheitsmaßnahmen begründet nennen. ;FACH;SU;01;E2
#SU21.14=Die Funktion einfacher mechanischer Alltagsgegenstände kann $Vorname$ sicher beschreiben und Modelle von Bauwerken planvoll konstruieren. ;FACH;SU;01;E2
#SU22.01=$Vorname$ zeigt an sachunterrichtlichen Themen Interesse. ;FACH;SU;02;E2
#SU22.02=$Vorname$ folgt dem Sachunterricht mit Interesse und $Vorname$ bereichert ihn durch eigene Beiträge.;FACH;SU;02;E2
#SU22.03=Im Sachunterricht zeigt sich $Vorname$ an Sachthemen interessiert und beteiligt sich meist mit sachbezogenen und sinnvollen Beiträgen an den Unterrichtsgesprächen.;FACH;SU;02;E2
#SU22.04=&Er%Sie& versucht &sein%ihr& Vorwissen sowie bereits Gelerntes zu verknüpfen, um sich neue Zusammenhänge zu erschließen. ;FACH;SU;02;E2
#SU22.05=$Vorname$ erkennt meist Zusammenhänge, behält auch Einzelheiten im Gedächtnis und fragt gerne nach Ursachen, Hintergründen und Zusammenhängen.;FACH;SU;02;E2
#SU22.06=Versuche und Vorhaben plant &er%sie& gründlich und führt diese in der Regel sachgerecht durch. Dabei beobachtet &er%sie& zunehmend genau. ;FACH;SU;02;E2
#SU23.01=$Vorname$ zeigt an einigen sachunterrichtlichen Themen Interesse. ;FACH;SU;03;E2
#SU23.02=Dem Sachunterricht folgt $Vorname$ meist mit Interesse und $Vorname$ bereichert ihn manchmal durch eigene Beiträge.;FACH;SU;03;E2
#SU23.03=$Vorname$ nimmt überwiegend aufmerksam am Sachunterricht teil und beteiligt sich in der Regel an den Unterrichtsgesprächen.;FACH;SU;03;E2
#SU23.04=$Vorname$ beweist, dass $Vorname$ zunehmend fähig ist, kleine Versuche allein durchzuführen, zu beobachten und darüber zu berichten.;FACH;SU;03;E2
#SU23.05=In offenen Unterrichtsformen, Partner- und Gruppenarbeiten gelingt es $Vorname$ nicht immer zielgerichtet und konzentriert zu arbeiten.;FACH;SU;03;E2
#SU23.06=Während der Stationsarbeit gelingt es $Vorname$ immer häufiger, Aufgaben selbstständig und zügig zu bearbeiten. ;FACH;SU;03;E2
#SU23.07=Im Sachunterricht versteht es $Vorname$ wesentliche Informationsquellen heranzuziehen und diese zu nutzen. ;FACH;SU;03;E2
#SU23.08=Dem Sachunterricht folgt $Vorname$ nur zeitweise mit Interesse und bringt sich nur selten aktiv in den Unterricht ein. $Vorname$ muss immer wieder zur Mitarbeit aufgefordert werden.;FACH;SU;03;E2
#SU23.09=Neu erworbenes Wissen kann $Vorname$ teilweise wiedergeben und anwenden. Auch fällt es $Vorname$ manchmal noch schwer, sich Wissen dauerhaft anzueignen.;FACH;SU;03;E2
#SU23.10=Kleine Versuche kann $Vorname$ durchführen, berichtet aber nicht gerne darüber.;FACH;SU;03;E2
#SU23.11=$Vorname$ benötigt bei der Bearbeitung von schriftlichen Aufgaben im Rahmen der Stationsarbeit eine gewisse Anlaufzeit und gelegentlich Ermunterung. Dabei ist $Vorname$ bemüht die Aufgaben zielstrebig und gewissenhaft zu erledigen.;FACH;SU;03;E2
#SU23.12=$Vorname$ ist bemüht Informationsquellen für schriftliche Aufgabenstellungen zu nutzen und diese auszuwerten. Die Ergebnisse kann $Vorname$ bei der Präsentation zufrieden stellend zum Ausdruck bringen.;FACH;SU;03;E2
#SU23.13=$Vorname$ kann einige Gefahren im Straßenverkehr beschreiben und Sicherheitsmaßnahmen nennen. ;FACH;SU;03;E2
#SU23.14=Die Funktion einiger einfacher mechanischer Alltagsgegenstände kann $Vorname$ beschreiben und Modelle von Bauwerken mit Hilfe konstruieren. ;FACH;SU;03;E2
#SU23.15=Einige wichtige Daten und Ereignisse aus der eigenen Lebensbiografie kann $Vorname$ wiedergeben und mit Hilfe chronologisch ordnen. ;FACH;SU;03;E2
#SU24.01=$Vorname$ folgt dem Sachunterricht nur zeitweise mit Interesse und &seine%ihre& Unterrichtsbeiträge sind nicht immer themenbezogen.;FACH;SU;04;E2
#SU33.01=$Vorname$ ist an sachunterrichtlichen Themen sehr interessiert. ;FACH;SU;03;03
#SU33.02=Außerordentlich schnell ist $Vorname$ in der Lage, sich die besprochenen Inhalte zu merken, wiederzugeben und sicher auf neue Sachverhalte zu übertragen. ;FACH;SU;03;03
#SU33.03=&Er%Sie& verknüpft die gelernten Inhalte sinnvoll mit seinem Wissen. ;FACH;SU;03;03
#SU33.04=$Vorname$ beobachtet beeindruckend genau und kann &seine%ihre& Entdeckungen nachvollziehbar beschreiben. ;FACH;SU;03;03
#SU33.05=Versuche und Vorhaben führt &er%sie& stets sachgerecht durch, beobachtet dabei sehr genau und dokumentiert &seine%ihre& Entdeckungen exakt. ;FACH;SU;03;03
#SU33.06=$Vorname$ ist in der Lage, zu einem Thema eigenständig und zielgerichtet zu recherchieren.;FACH;SU;03;03
#SU33.07=Präsentationen hält &er%sie& selbstsicher vor der Klasse und trägt die Inhalte nachvollziehbar und anschaulich vor. ;FACH;SU;03;03
#SU33.08=Karten, Tabellen und Zeichnung kann &er%sie& sicher interpretieren und alle wichtigsten Informationen entnehmen. ;FACH;SU;03;03
#SU33.09= $Vorname$ kann sich optimal in die Bedürfnisse, Gefühle und Interessen anderer hineinversetzen und aus deren Sicht argumentieren. ;FACH;SU;03;03
#SU33.10=Sehr angemessene Lösungmöglichkeiten für Konfliktsituationen kann $Vorname$ entwickeln. ;FACH;SU;03;03
#SU33.11= $Vorname$ beteiligt sich sehr aktiv an der Planung und Organisation gemeinsamer Vorhaben. ;FACH;SU;03;03
#SU33.12= $Vorname$ beschreibt den Aufbau und die Funtkionsweise einfacher mechanischer Geräte und Maschinen sehr genau und konstruiert stabile Bauwerke. ;FACH;SU;03;03
#SU33.13=$Vorname$ ist an sachunterrichtlichen Themen interessiert. ;FACH;SU;03;03
#SU33.14= $Vorname$ ist in der Lage, sich die besprochenen Inhalte zu merken, wiederzugeben und auf neue Sachverhalte zu übertragen. ;FACH;SU;03;03
#SU33.15=&Er%Sie& verknüpft die gelernten Inhalte mit seinem Wissen. ;FACH;SU;03;03
#SU33.16=$Vorname$ beobachtet genau und kann &seine%ihre& Entdeckungen beschreiben. ;FACH;SU;03;03
#SU33.17=Versuche und Vorhaben führt &er%sie& meist sachgerecht durch, beobachtet dabei genau und dokumentiert &seine%ihre& Entdeckungen. ;FACH;SU;03;03
#SU33.18=$Vorname$ ist in der Lage, zu einem Thema überwiegend eigenständig und zielgerichtet zu recherchieren.;FACH;SU;03;03
#SU33.19=Präsentationen hält &er%sie& selbstsicher vor der Klasse und trägt die Inhalte nachvollziehbar und recht anschaulich vor. ;FACH;SU;03;03
#SU33.20=Karten, Tabellen und Zeichnung kann &er%sie& interpretieren und viele Informationen entnehmen. ;FACH;SU;03;03
#SU33.21= $Vorname$ kann sich in die Bedürfnisse, Gefühle und Interessen anderer hineinversetzen und aus deren Sicht argumentieren. ;FACH;SU;03;03
#SU33.22=Angemessene Lösungmöglichkeiten für Konfliktsituationen kann $Vorname$ entwickeln. ;FACH;SU;03;03
#SU33.23= $Vorname$ beteiligt sich aktiv an der Planung und Organisation gemeinsamer Vorhaben. ;FACH;SU;03;03
#SU33.24= $Vorname$ beschreibt den Aufbau und die Funtkionsweise einfacher mechanischer Geräte und Maschinen genau und konstruiert stabile Bauwerke. ;FACH;SU;03;03
#SU33.25=$Vorname$ ist an einigen sachunterrichtlichen Themen interessiert. ;FACH;SU;03;03
#SU33.26= $Vorname$ ist in der Lage, sich die besprochenen Inhalte zu merken und kann diese in der Regel wiedergeben. ;FACH;SU;03;03
#SU33.27=$Vorname$ beobachtet noch nicht gründlich genug uund kann &seine%ihre& Entdeckungen zunehmend beschreiben. ;FACH;SU;03;03
#SU33.28=Versuche und Vorhaben führt &er%sie& in der Regel sachgerecht durch, beobachtet dabei jedoch noch nicht genau und hat Schwierigkeiten die Entdeckungen zu dokumentieren. ;FACH;SU;03;03
#SU33.29=$Vorname$ recherchiert zu einem Thema weitesgehend eigenständig und zielgerichtet.;FACH;SU;03;03
#SU33.30=Präsentationen hält &er%sie& zunehmend selbstsicher vor der Klasse, dabei trägt &er%sie& die Inhalte immer anschaulicher vor. ;FACH;SU;03;03
#SU33.31=Karten, Tabellen und Zeichnung kann &er%sie& meist interpretieren und ausreichende Informationen entnehmen. ;FACH;SU;03;03
#SU33.32= $Vorname$ versucht sich in die Bedürfnisse, Gefühle und Interessen anderer hineinzuversetzen und aus deren Sicht zu argumentieren. ;FACH;SU;03;03
#SU33.33=Angemessene Lösungmöglichkeiten für Konfliktsituationen versucht $Vorname$ zu entwickeln. ;FACH;SU;03;03
#SU33.34= $Vorname$ beteiligt sich gelegentlich an der Planung und Organisation gemeinsamer Vorhaben. ;FACH;SU;03;03
#SU33.35= $Vorname$ beschreibt den Aufbau und die Funtkionsweise einfacher mechanischer Geräte und Maschinen und konstruiert einfache Bauwerke. ;FACH;SU;03;03
#Z01=$Vorname$ hat sich gut in die neue Klassengemeinschaft eingelebt.;ZB;;;
#Z02=$Vorname$ kommt häufig zu spät zum Unterricht.;ZB;;;
#Z03=$Vorname$ war erfolgreich als &Klassensprecher%Klassensprecherin& tätig.;ZB;;;
#Z04=$Vorname$ war zuverlässig als &Schülerlotse%Schülerlotsin& tätig.;ZB;;;
#Z05=$Vorname$ hat sich freiwillig beim Ordnungsdienst eingesetzt.;ZB;;;
#Z06=$Vorname$ hat sich in besonderer Weise für die Schulgemeinschaft eingesetzt.;ZB;;;
#Z07=$Vorname$ engagiert sich bei der Betreuung der Schülerbibliothek.;ZB;;;
#Z08=$Vorname$ arbeitet als &Pate%Patin& bei der Betreuung jüngerer Schüler/innen.;ZB;;;
